samples,audio
28000,-12.252971944115352
28001,-39.25641646127745
28002,1.7403937152803888
28003,15.737459158061235
28004,-26.265219667607152
28005,-24.26764240444993
28006,24.73019119595702
28007,68.72828127247165
28008,67.72662785375464
28009,33.72523085772514
28010,16.72409009110514
28011,42.72320524905478
28012,29.722575914900013
28013,4.722201559954305
28014,28.722081543435543
28015,34.72221511247943
28016,28.722601402250653
28017,-21.276760563847823
28018,-8.275871873865952
28019,30.725266273101603
28020,-29.27334743257599
28021,-39.27171441045669
28022,-36.26983618931646
28023,-13.267714406339358
28024,-30.265350806207714
28025,-78.26274724009211
28026,-36.259905664541954
28027,51.74317185972285
28028,48.74648316911869
28029,13.750025998602423
28030,-20.24620201682802
28031,32.7577966594626
28032,51.76201946743718
28033,-14.23353624783008
28034,7.771126765721365
28035,56.776005669103185
28036,70.7810975343316
28037,40.786399346566824
28038,7.791908006337012
28039,19.797620331844513
28040,17.803533061351892
28041,0.8096428556456345
28042,-23.184053699425107
28043,-22.177560090337103
28044,-16.17087987321176
28045,-47.16401667106653
28046,-48.156974171001934
28047,-24.14975612132704
28048,3.857633671374037
28049,-30.134808654768566
28050,-48.12708701386781
28051,-29.11920536918698
28052,-13.111167729999543
28053,-17.10297814840458
28054,-57.09464071610061
28055,-28.086159561120517
28056,36.92246115546933
28057,59.93121724290309
28058,37.940104484079605
28059,-6.0508813610463985
28060,8.95825544795158
28061,24.967510635409155
28062,-16.023120086972867
28063,2.986358983343285
28064,22.995943543216654
28065,11.005629287321954
28066,-19.984588088349405
28067,-19.97471288298444
28068,15.03525061255706
28069,-8.954701880754069
28070,-25.94457462661816
28071,-19.934371869917058
28072,14.07590216676426
28073,0.0862432866014049
28074,-26.903352678023197
28075,-27.89288986209488
28076,39.11762763543497
28077,15.128195755023487
28078,-7.8611895201190345
28079,11.149467839281975
28080,28.16016391184014
28081,45.170894828743165
28082,25.18165677694479
28083,17.192446002310664
28084,50.20325881271474
28085,65.21409158108281
28086,44.22494074837976
28087,32.23580282653736
28088,-4.753325598681066
28089,-0.7424478648816919
28090,-0.7315672303111711
28091,-36.72068687120036
28092,-31.70980987918434
28093,-33.698939258802085
28094,-34.68807792507848
28095,-37.67722870119247
28096,-41.66639431623373
28097,-14.655577403051225
28098,-30.644780496196226
28099,-33.63400602996238
28100,-22.623256336525827
28101,-26.61253364418736
28102,-8.601840075719078
28103,-29.59117764681802
28104,-28.580548264668266
28105,10.430046273386125
28106,31.44060428105569
28107,10.451124184206051
28108,23.461604521842755
28109,20.472043946978907
28110,25.482441227384623
28111,22.49279524621661
28112,-0.49689499747285426
28113,8.513369611651244
28114,9.523588305471044
28115,-9.466239567443228
28116,17.54388545818339
28117,3.553962964222245
28118,1.5639926489075036
28119,-5.426025673523549
28120,-22.416092073316275
28121,-16.406206505810985
28122,-32.39636881218186
28123,-29.386578720302484
28124,-10.376835845737922
28125,12.63286030713682
28126,39.6425103438922
28127,30.652114978673794
28128,39.66167503270701
28129,58.671191432676856
28130,22.680665208984266
28131,13.690097493879236
28132,20.69948951947181
28133,5.708842615622251
28134,13.718158207711136
28135,3.7274378142906874
28136,10.736683044618978
28137,24.745895596078142
28138,10.755077251478536
28139,0.7642298762505941
28140,-23.226644584473803
28141,-21.217544108888035
28142,-27.208466601643508
28143,-67.1994098970859
28144,-99.1903717625919
28145,-91.18134990200355
28146,-60.17234195915735
28147,-62.163345521504354
28148,-64.15435812381784
28149,-39.14537725198464
28150,-19.136400346875924
28151,7.872575191707192
28152,-14.118447998982804
28153,-11.109467248721753
28154,-19.100479858456787
28155,-14.09148310450464
28156,4.917525757199474
28157,20.926549486808156
28158,13.935590856228778
28159,23.944652644756665
28160,26.95373763468033
28161,57.962848606864654
28162,45.971988336317516
28163,-8.01884041225391
28164,-10.009634888891531
28165,13.999607637166594
28166,22.008889873046375
28167,25.018214497810668
28168,6.02758415805078
28169,9.037001463502488
28170,10.046468982692017
28171,24.05598923861768
28172,-3.934435295527523
28173,-30.924802200586686
28174,-16.915109115618055
28175,19.094646257982934
28176,26.10446615242382
28177,7.11435272952232
28178,33.124308076785496
28179,20.13433420356555
28180,41.14443303729725
28181,33.15460641982074
28182,20.164856103794893
28183,34.175183749204834
28184,-5.814409080032295
28185,-14.803920919359136
28186,9.206649593235749
28187,4.217303714141453
28188,45.22804259116141
28189,8.238867260666071
28190,8.249778644865625
28191,30.260777549204775
28192,-29.728135340116815
28193,-44.716959458495566
28194,-55.7056943651444
28195,-52.6943397451793
28196,-44.68289541157009
28197,-61.671361306952925
28198,-39.65973750530193
28199,-29.648024213457923
28200,-35.63622177251196
28201,-16.624330659041654
28202,-45.612351486198506
28203,-30.60028500464404
28204,-13.588132103333628
28205,-19.575893810145793
28206,-20.56357129235592
28207,-1.5511658569528919
28208,11.461321049202475
28209,30.473887839378172
28210,9.486532787131551
28211,42.49925402663061
28212,72.51204955313551
28213,51.52491722364136
28214,32.537854757681316
28215,52.55085973828986
28216,68.56392961312498
28217,87.57706169574828
28218,66.5902531670614
28219,29.603501076897174
28220,96.61680234576342
28221,56.63015376673626
28222,4.643552007501135
28223,-9.34300638746246
28224,7.670475005444253
28225,29.68399249140144
28226,36.697542259765335
28227,0.7111203867913325
28228,8.724722838480918
28229,32.73834547354753
28230,61.7519840464965
28231,19.765634210813648
28232,-30.220708477742566
28233,0.7929514422489135
28234,-10.19339065864613
28235,-36.1797394971482
28236,-36.16609987361467
28237,-34.15247666831545
28238,-17.13887483763969
28239,-21.125299410239435
28240,-32.111755483115985
28241,-3.0982482176547865
28242,-24.084782835614597
28243,-47.07136461507618
28244,-54.057998886356614
28245,-49.04469102789418
28246,-57.031446462109045
28247,-80.0182706512451
28248,-102.0051690931977
28249,-29.99214731733184
28250,-9.979210880296193
28251,-53.96636536183593
28252,-44.95361636060986
28253,-12.94096949001521
28254,5.071569625976135
28255,0.08399535696595706
28256,-26.90369792974051
28257,0.10848413497330611
28258,42.12053592611781
28259,21.13245182865166
28260,33.14422624150498
28261,-4.844146418431858
28262,51.16732828764407
28263,69.17864482436059
28264,33.18979768604083
28265,14.200781400528445
28266,48.21159053296537
28267,74.22221968951968
28268,60.23266352106099
28269,1.242916726780667
28270,2.252974057754872
28271,33.26283032044758
28272,29.27248038015157
28273,-2.71808083563527
28274,-35.708858333900544
28275,1.3001429471230326
28276,26.30891814112657
28277,4.317462456820733
28278,1.3257711809559423
28279,36.333839681265246
28280,-8.658336590671812
28281,4.349237903354111
28282,21.35655879088285
28283,-19.6363782085979
28284,-34.629577281120106
28285,-55.623042515788974
28286,-43.61677790242306
28287,-2.610787329281954
28288,-43.60507458088186
28289,-53.59964333589881
28290,-62.59449716516028
28291,-41.589639529724074
28292,9.414926220955039
28293,-26.580803149227613
28294,-64.5768307613648
28295,-84.5731596199599
28296,-90.5697926114319
28297,-62.5667325027013
28298,-64.56398193985491
28299,-110.56154344688721
28300,-74.55941942451591
28301,-24.557612149069307
28302,-8.55612377144201
28303,-14.554956316116701
28304,-7.55411168024861
28305,7.446408367190642
28306,17.446602186212864
28307,-19.55353173344009
28308,-18.553994771599108
28309,3.44521182298255
28310,19.44408693323625
28311,57.44262957434445
28312,50.44083889426915
28313,64.43871417424542
28314,131.43625482924202
28315,151.43346040839145
28316,112.43033059539141
28317,71.42686520887838
28318,73.42306420277545
28319,119.41892766661392
28320,97.41445582582958
28321,27.409649042033877
28322,69.40450781325896
28323,87.39903277417625
28324,109.39322469628706
28325,76.38708448808337
28326,59.38061319517684
28327,76.37381200039397
28328,65.3666822238346
28329,16.359225322890424
28330,12.351442892220454
28331,11.343336663679935
28332,7.334908506199071
28333,6.326160425607391
28334,1.3170945643998735
28335,25.30771320144101
28336,4.298018751602449
28337,-29.71198623466971
28338,-45.72229907186187
28339,-46.73291693997817
28340,-40.7438368852077
28341,-18.75505582067705
28342,-92.76657052729195
28343,-109.77837765467005
28344,-86.7904737221687
28345,-113.80285512000911
28346,-149.81551811049937
28347,-147.82845882935737
28348,-138.84167328713525
28349,-131.85515737074547
28350,-144.8689068450886
28351,-122.88291735478174
28352,-114.89718442598752
28353,-165.911703468341
28354,-157.9264697769733
28355,-135.9414785346297
28356,-104.95672481387855
28357,-59.972203579408756
28358,-89.98790969041175
28359,-45.003837903043355
28360,53.98001712703757
28361,63.963660842058715
28362,32.947098779456425
28363,18.930336569135207
28364,107.9133799306691
28365,145.89623467044885
28366,119.87890667877977
28367,93.86140192693371
28368,181.8437264641595
28369,257.8258864146553
28370,277.80788797450646
28371,207.78973740858967
28372,181.77144104744804
28373,255.7530052841368
28374,188.7344365710423
28375,85.71574141667365
28376,92.6969263824282
28377,160.6779980793294
28378,173.65896316473692
28379,115.63982833902755
28380,68.62060034224527
28381,135.6012859507182
28382,176.58189197364055
28383,86.56242524961698
28384,-31.457107356833205
28385,-73.47669895881447
28386,-10.496342650639036
28387,-63.516031511459204
28388,-198.53575860894904
28389,-189.55551700303826
28390,-115.57529974970083
28391,-98.59509990479714
28392,-87.61491052797095
28393,-122.63472468660191
28394,-132.65453545981234
28395,-128.67433594252594
28396,-178.694119249577
28397,-207.71387851986492
28398,-200.73360692055059
28399,-164.75329765128902
28400,-191.77294394849233
28401,-325.7925390896145
28402,-596.81207639745
28403,-691.8315492444358
28404,-658.8509510569461
28405,-658.8702753195689
28406,-759.8895155793534
28407,-789.9086654500112
28408,-530.9277186160589
28409,-247.94666883688697
28410,-102.96550995073773
28411,20.015764121422535
28412,208.99715937215115
28413,476.9786817039151
28414,600.9603369256305
28415,640.9421307493687
28416,656.9240687872422
28417,806.9061565484839
28418,1076.888399436728
28419,1152.8708027474993
28420,1005.8533716659222
28421,910.8361112646496
28422,1069.819026502017
28423,1144.8021222204197
28424,953.7854031449099
28425,641.7688738820123
28426,543.7525389187447
28427,560.7364026218411
28428,472.7204692371634
28429,84.7047428892896
28430,-346.31077241873675
28431,-768.326072805509
28432,-1048.3411545112283
28433,-1089.3560138975583
28434,-1237.3706474473809
28435,-1365.3850517644655
28436,-1245.3992235730707
28437,-922.4131597174886
28438,-504.4268571615405
28439,-233.44031298804111
28440,35.54647560176471
28441,344.5335112887795
28442,415.52079663664256
28443,294.50833409232473
28444,20.496125986725204
28445,-41.51582546473129
28446,-0.5275181614979942
28447,-43.53895011730985
28448,-120.55011945958651
28449,-40.56102442883163
28450,163.42833662197566
28451,255.41796522800155
28452,-174.59213718680286
28453,-701.601969309035
28454,-811.611529935139
28455,-849.6208179706599
28456,-1203.6298324294423
28457,-1627.6385724327633
28458,-1622.647037208388
28459,-1171.6552260895305
28460,-782.6631385137104
28461,-717.6707740214907
28462,-451.6781322550796
28463,176.3147870432191
28464,829.3079840327177
28465,1151.301458776231
28466,1314.2952112421508
28467,1653.2892413067173
28468,2154.2835487564907
28469,2364.2781332910236
28470,2307.272994525745
28471,2057.2681319950457
28472,1985.2635451555582
28473,2055.2592333896173
28474,1799.2551960088863
28475,1395.251432258135
28476,1104.2479413191263
28477,877.2447223146042
28478,658.2417743123415
28479,279.2390963292157
28480,-128.7633126647213
28481,-712.7654537422229
28482,-1396.7673280149083
28483,-1721.768936629449
28484,-1867.7702807639116
28485,-2145.771361624293
28486,-2418.7721804412954
28487,-2324.772738467365
28488,-1869.7730369740225
28489,-1280.773077249521
28490,-922.7728605968483
28491,-599.7723883320916
28492,-174.77166178318328
28493,130.22931771096682
28494,120.23054880094014
28495,31.23203012687918
28496,83.23376031815843
28497,171.23573799265807
28498,146.23796175564718
28499,101.24043019828679
28500,176.24314189576648
28501,269.2460954050882
28502,312.24928926251846
28503,151.25272198072452
28504,-0.7436079543774952
28505,28.260297912956247
28506,-149.73556199536281
28507,-548.7311892951275
28508,-859.7265856438879
28509,-935.7217527451528
28510,-949.7166923527096
28511,-1179.7114062750225
28512,-1327.7058963796776
28513,-1210.700164597841
28514,-849.6942129286854
28515,-438.6880434437502
28516,-155.68165829119727
28517,184.32494030007854
28518,759.331750016521
28519,1227.3387684562006
28520,1437.3459931253547
28521,1554.3534214352148
28522,1672.3610506991456
28523,1844.3688781301205
28524,1929.3769008385539
28525,1733.3851158305154
28526,1530.3935200063386
28527,1484.4021101596427
28528,1501.410882976752
28529,1445.4198350365305
28530,1136.4289628106194
28531,840.4382626640698
28532,675.447730856359
28533,497.45736354277227
28534,290.46715677613054
28535,-223.52289349115517
28536,-858.5127914047303
28537,-1125.5025412056705
28538,-1175.492147227611
28539,-1322.4816138936596
28540,-1624.4709457131303
28541,-1820.460147278116
28542,-1660.4492232599289
28543,-1325.4381784054397
28544,-1058.4270175333477
28545,-866.4157455303933
28546,-618.4043673475412
28547,-204.39288799615355
28548,122.61868745582728
28549,204.63035388767372
28550,280.64210612962984
28551,358.65393896661783
28552,418.6658471418848
28553,461.6778253605788
28554,429.68986829324876
28555,361.70197057926055
28556,396.7141268301238
28557,369.7263316327275
28558,307.7385795524828
28559,149.75086513636631
28560,-164.2368170841311
28561,-351.224472590153
28562,-538.2121068727197
28563,-882.1997254300611
28564,-1150.1873337650368
28565,-1347.1749373826365
28566,-1430.1625417875564
28567,-1326.1501524818386
28568,-1208.137774962569
28569,-982.1254147196225
28570,-601.1130772334426
28571,-238.10076797284466
28572,119.91150760717255
28573,518.9237440676195
28574,844.9359359877221
28575,1154.9480779671542
28576,1439.9601646283074
28577,1623.972190618606
28578,1744.9841506128764
28579,1899.9960393157696
28580,2000.0078514642382
28581,1981.019581830065
28582,1830.0312252224455
28583,1580.0427764906178
28584,1351.0542305265137
28585,1154.0655822674253
28586,920.0768266986667
28587,560.0879588562118
28588,115.09897382928762
28589,-283.89013323710446
28590,-511.8793671397648
28591,-756.8687326149948
28592,-1186.8582343364506
28593,-1532.8478769131718
28594,-1631.837664887815
28595,-1673.8276027351071
28596,-1643.8176948605442
28597,-1665.80794559937
28598,-1596.7983592158273
28599,-1290.7889399027054
28600,-1028.7796917811866
28601,-901.7706189010034
28602,-696.7617252409034
28603,-441.7530147094231
28604,-200.74449114596433
28605,-30.73615832216035
28606,82.27198005647733
28607,175.27992034864792
28608,308.2876589751057
28609,380.29519241628077
28610,367.302517209699
28611,431.3096299472262
28612,379.31652727216294
28613,187.32320587621922
28614,-22.670337503599512
28615,-178.66410608816733
28616,-405.65810305943984
28617,-640.6523315636514
28618,-865.6467947144744
28619,-994.6414955961086
28620,-983.6364372662649
28621,-885.6316227590111
28622,-760.627055087446
28623,-494.6227372461685
28624,-184.61867221350838
28625,106.38513704650825
28626,483.3886875824911
28627,817.3919764543389
28628,1140.3950007322403
28629,1505.3977574960468
28630,1750.4002438350308
28631,1936.4024568480415
28632,2082.4043936440776
28633,2194.4060513432723
28634,2304.407427078304
28635,2188.4085179962112
28636,1976.4093212606128
28637,1776.4098340543146
28638,1522.4100535822777
28639,1275.4099770749344
28640,973.4096017918214
28641,468.40892502548377
28642,-10.592055894372834
28643,-374.5933435965276
28644,-709.5949406637262
28645,-1079.596849628044
28646,-1565.5990729661685
28647,-1913.6016130946477
28648,-2025.604472365144
28649,-2097.607653059733
28650,-2203.611157386287
28651,-2204.6149874739726
28652,-1986.6191453689053
28653,-1638.6236330299712
28654,-1376.6284523248455
28655,-1082.6336050262344
28656,-770.6390928083439
28657,-468.64491724359175
28658,-227.65107979956508
28659,-18.657581836227337
28660,163.3355753966282
28661,321.32839076168545
28662,422.32086323617955
28663,489.3129919137499
28664,589.3047760060853
28665,647.2962148443812
28666,534.287307880624
28667,317.278054688721
28668,170.26845496550084
28669,73.25850853160318
28670,-173.75178466771973
28671,-502.7624245618647
28672,-714.7734109541793
28673,-816.78474352128
28674,-761.7964218123608
28675,-721.8084452484716
28676,-705.8208131217408
28677,-493.8335245945181
28678,-155.8465786984164
28679,122.14002566676993
28680,444.1262897342881
28681,716.1122148718115
28682,1022.0978025830007
28683,1410.0830545092567
28684,1672.0679724316701
28685,1786.0525582731807
28686,1901.03681410095
28687,2018.0207421289422
28688,2069.0043447207136
28689,1950.9876243924039
28690,1682.9705838158925
28691,1444.9532258221338
28692,1280.9355534046308
28693,1046.9175697230307
28694,713.8992781068105
28695,298.8806820590181
28696,-112.13821473996109
28697,-370.15740842864966
28698,-641.1768949607751
28699,-1122.1966701016556
28700,-1572.2167294247165
28701,-1812.2370683081717
28702,-2009.257681931897
28703,-2134.278565274541
28704,-2227.2997131108955
28705,-2178.321120009562
28706,-1869.3427803309376
28707,-1523.364688225523
28708,-1320.3868376325984
28709,-1005.4092222792569
28710,-603.4318356798037
28711,-270.4546711355272
28712,-21.477721734847478
28713,157.49901964616424
28714,300.4755603429064
28715,496.45190790101424
28716,648.4280700747934
28717,698.4040548253249
28718,737.3798703182711
28719,747.3555249213869
28720,693.3310272017673
28721,512.3063859228466
28722,304.28161004117567
28723,145.25670870299922
28724,-82.76830875934424
28725,-424.7934328311782
28726,-671.8186538193772
28727,-806.8439618563646
28728,-830.8693469041982
28729,-780.8947987587205
28730,-758.9203070537511
28731,-658.9458612653
28732,-365.9714507157811
28733,-41.99706457820861
28734,245.97730811964482
28735,501.9516784911435
28736,821.9260577867531
28737,1201.9004573900872
28738,1518.8748888140444
28739,1709.8493636970409
28740,1804.8238937993474
28741,1934.79849099952
28742,2060.7731672909313
28743,1988.7479347783894
28744,1761.7228056748388
28745,1568.6977922981175
28746,1368.672907067762
28747,1146.6481625018266
28748,830.6235712136938
28749,416.5991459088507
28750,18.574899381594605
28751,-288.4491554883614
28752,-606.4730057394186
28753,-1007.496638331796
28754,-1455.5200401514376
28755,-1760.5431980141593
28756,-1922.5660986700664
28757,-2075.5887288082586
28758,-2177.6110750618673
28759,-2156.63312401344
28760,-1991.6548622006812
28761,-1701.6762761225848
28762,-1437.6973522459489
28763,-1206.71807701229
28764,-843.7384368451549
28765,-499.7584181578258
28766,-236.77800736141103
28767,-13.797190873304316
28768,190.18404487399891
28769,410.1657134237514
28770,603.147828285493
28771,639.1304029253017
28772,689.1134507557863
28773,710.0969851258551
28774,642.0810193102932
28775,519.065566499175
28776,288.05063978715566
28777,96.03625216267267
28778,-3.977583502905617
28779,-218.9908544661518
28780,-521.0035481224302
28781,-666.0156520166922
28782,-718.027153854179
28783,-720.0380415109948
28784,-706.0483030445184
28785,-659.0579267036135
28786,-488.06690093860925
28787,-180.07521441101343
28788,90.91714399707126
28789,334.9101851738558
28790,623.9039197691274
28791,986.8983581858897
28792,1325.893510572404
28793,1585.8893868146465
28794,1736.885996529204
28795,1883.8833490566094
28796,2049.8814534551266
28797,2102.8803184949957
28798,1991.8799526531193
28799,1782.8803641081872
28800,1580.8815607362394
28801,1336.8835501066374
28802,1029.886339478429
28803,632.8899357970806
28804,263.89434569155037
28805,-92.10042452833363
28806,-403.0943688742159
28807,-695.0874816813173
28808,-1052.0797576103387
28809,-1432.0711916491907
28810,-1640.0617791145892
28811,-1829.0515156535585
28812,-1998.0403972448712
28813,-2054.028420200456
28814,-2028.0155811667971
28815,-1879.001877126358
28816,-1609.9873053990302
28817,-1367.9718636436523
28818,-1064.9555498595973
28819,-669.9383623884447
28820,-372.92029991572974
28821,-153.9013614727831
28822,51.11845356134381
28823,243.1391454578736
28824,432.1607141362251
28825,559.1831591618728
28826,573.2064797441573
28827,611.2306747340633
28828,652.2557426219796
28829,650.281681535456
28830,540.3084892369822
28831,356.33616312180294
28832,145.36470021579285
28833,0.39409717341244743
28834,-137.5756497242344
28835,-346.54454457122233
28836,-511.51259183848333
28837,-570.4797963753231
28838,-554.4461634107533
28839,-497.41169855462215
28840,-487.376407798519
28841,-416.34029751643914
28842,-181.3033744651893
28843,50.73435421548379
28844,247.7728810030565
28845,444.8121979926974
28846,722.8522968980536
28847,1064.8931690523682
28848,1361.9348054099298
28849,1488.9771965478649
28850,1550.0203326682704
28851,1646.064203600686
28852,1657.108798804906
28853,1582.1541073741228
28854,1392.2001180383836
28855,1115.246819168354
28856,954.2941987793708
28857,765.342244535761
28858,520.3909437554047
28859,267.44028341451883
28860,-17.509749847369562
28861,-305.4591697222843
28862,-518.4079902285259
28863,-834.3562257052886
28864,-1200.3038908071962
28865,-1490.2510004987873
28866,-1707.1975700489752
28867,-1845.1436150255045
28868,-1929.0891512894277
28869,-1985.0341949896128
28870,-1888.978762557302
28871,-1609.9228707007344
28872,-1334.8665363998316
28873,-1063.809776900959
28874,-771.7526097117537
28875,-455.6950525960233
28876,-158.6371235686994
28877,78.42115910915811
28878,282.4797769353239
28879,474.5387111713551
28880,595.5979428475407
28881,678.6574527678765
28882,701.7172215150783
28883,690.7772294556656
28884,677.8374567451384
28885,638.8978833332675
28886,545.9584889695224
28887,437.019253208663
28888,269.0801554165163
28889,144.1411747759613
28890,75.20229029314338
28891,-79.73651919606097
28892,-276.67527501930925
28893,-364.6139986607705
28894,-367.55271175379823
28895,-405.49143607328284
28896,-404.4301935276708
28897,-339.3690061506373
28898,-200.30789609240054
28899,10.753114389328601
28900,236.81400293876965
28901,418.87474711187133
28902,695.9353243864898
28903,1009.9957121729415
28904,1220.0558878249326
28905,1369.1158286508564
28906,1456.1755119254435
28907,1497.234914901761
28908,1532.2940148235375
28909,1437.3527889377986
28910,1200.411214507788
28911,945.4692688261442
28912,767.5269292283068
28913,538.5841731061224
28914,276.6409779216104
28915,8.697321220857361
28916,-243.24681935200158
28917,-496.1914660407524
28918,-772.1366409630598
28919,-962.082366096457
28920,-1149.0286632644043
28921,-1432.9755541224497
28922,-1658.9230601445286
28923,-1728.8712026094402
28924,-1741.82000258753
28925,-1668.769480927612
28926,-1550.7196582441452
28927,-1344.670554904696
28928,-994.6221910177042
28929,-637.5745864205594
28930,-390.52776066801107
28931,-115.4817330209126
28932,159.56347756469313
28933,371.60785244814394
28934,515.6513733143855
28935,559.6940221838563
28936,579.7357814220378
28937,650.7766337486745
28938,650.8165622466684
28939,508.85555037065774
28940,392.8935819552893
28941,375.9306412231935
28942,306.96671279267423
28943,184.00178168512198
28944,74.03583333216075
28945,-14.931146417459342
28946,-103.89917129121281
28947,-173.8682545863843
28948,-249.83840916387825
28949,-331.8096474422431
28950,-395.7819813919
28951,-395.75542252956666
28952,-396.72998191286865
28953,-380.7056701351276
28954,-277.6824973203217
28955,-121.66047311821005
28956,120.36039330038574
28957,321.3800932481457
28958,492.3986185256673
28959,724.4159614257314
28960,956.4321147374228
28961,1122.4470717501013
28962,1188.4608262572249
28963,1224.4733725600172
28964,1185.4847054709685
28965,1094.4948203171639
28966,964.5037129434247
28967,826.5113797152565
28968,657.5178175215782
28969,464.52302377722
28970,311.5269964251668
28971,103.52973393852949
28972,-61.46876467777861
28973,-158.46849988568295
28974,-367.46947161292974
28975,-662.4716792524289
28976,-773.4751216619852
28977,-866.4797971644332
28978,-1053.4857035482016
28979,-1295.4928380683195
28980,-1383.5011974478816
28981,-1341.5107778799888
28982,-1333.5215750301747
28983,-1329.5335840393245
28984,-1151.5467995270922
28985,-823.5612155958196
28986,-532.576825834959
28987,-308.59362332599085
28988,-59.61160064783252
28989,263.3692501172709
28990,510.34893737738525
28991,622.3274700240702
28992,706.3048574251175
28993,737.2811094168671
28994,688.2562362961204
28995,611.2302488116611
28996,450.20315815541517
28997,346.17497595326626
28998,283.14571425554755
28999,215.11538552723155
29000,52.08400263784179
29001,-93.94842114889047
29002,-219.9818721856026
29003,-248.01633645208568
29004,-381.0517995662563
29005,-559.0882467952895
29006,-710.1256630668903
29007,-718.1640329806784
29008,-727.2033408196626
29009,-723.2435705617823
29010,-669.2847058914895
29011,-472.3267302113469
29012,-179.36962665362248
29013,102.58662190814766
29014,346.54203284764856
29015,629.4966237743492
29016,1012.4504125221608
29017,1278.4034171382052
29018,1397.3556558717153
29019,1477.307147163078
29020,1529.2579096330378
29021,1411.207962072066
29022,1190.1573234299058
29023,940.1060128052932
29024,786.0540494358613
29025,530.0014526882206
29026,286.94824204822135
29027,155.89443711138625
29028,37.8400575735094
29029,-90.21487677858693
29030,-222.27034607614996
29031,-508.3263303774563
29032,-672.3828096766454
29033,-796.4397639124379
29034,-1019.4971729767508
29035,-1285.5550167232168
29036,-1427.6132749756162
29037,-1476.6719275362336
29038,-1468.7309541941463
29039,-1353.7903347334434
29040,-1161.85004894138
29041,-786.9100766164771
29042,-398.9703975765517
29043,-65.03099166668045
29044,166.90816123290824
29045,512.8470811990204
29046,829.7857882577673
29047,857.7243023769306
29048,840.6626434584315
29049,937.6008313309098
29050,868.5388857424226
29051,659.4768263532801
29052,475.4146727290233
29053,340.3524443335519
29054,242.29016052241226
29055,120.22784053625602
29056,9.165503494475601
29057,-278.8968316109723
29058,-536.9591459215476
29059,-463.02142071790496
29060,-701.0836374254627
29061,-1125.1457776197497
29062,-1076.2078230315265
29063,-1054.2697555516716
29064,-1244.331557235823
29065,-1150.393210308774
29066,-870.4546971686083
29067,-532.5160003905681
29068,15.422897269346436
29069,358.36201287106064
29070,757.3013632873956
29071,1373.2409652013234
29072,1739.1808351035165
29073,1929.1209892901838
29074,2161.061443861199
29075,2176.0022147185123
29076,1904.9433175648253
29077,1622.884767902548
29078,1496.8265810329972
29079,1101.7687720558274
29080,507.71135586867376
29081,296.65434716697973
29082,176.59776044398552
29083,-112.4583900091485
29084,-227.51409010311784
29085,-264.56932595017577
29086,-630.6240838637948
29087,-996.6783503583179
29088,-995.7321121486336
29089,-1229.7853561499055
29090,-1711.8380694773775
29091,-1810.8902394462953
29092,-1682.9418535719533
29093,-1769.9928995699042
29094,-1640.0433653563366
29095,-1286.0932390486505
29096,-861.1425089662414
29097,-265.1911636314945
29098,73.76080822899462
29099,266.71341768296986
29100,820.666675590837
29101,1253.6205926037553
29102,1072.5751791615044
29103,1049.5304454901307
29104,1178.4864015993828
29105,972.4430572799419
29106,512.4004221004581
29107,317.35850540440345
29108,152.3173163067534
29109,-234.7231363094864
29110,-887.7628437968956
29111,-1146.8017977473787
29112,-1025.8399899960139
29113,-1521.877412624988
29114,-1902.9140579676007
29115,-1449.9499186123107
29116,-1417.984987406803
29117,-1636.0192574620503
29118,-1162.0527221563411
29119,-772.0853751392425
29120,-580.1172103354712
29121,-109.14822194864507
29122,446.8215955351159
29123,1040.7922473437711
29124,1466.7637384161499
29125,1687.7360733989779
29126,2289.709256644167
29127,2671.683292206389
29128,2536.658183840943
29129,2300.6339350019507
29130,2374.610548840878
29131,2119.5880282053886
29132,1472.5663756385413
29133,1083.5455933783178
29134,889.525683357486
29135,333.50664720377654
29136,71.48848624037043
29137,136.47120148667727
29138,-103.54520634061669
29139,-731.5607368262499
29140,-979.5753898548567
29141,-784.5891656092392
29142,-1397.6020645684578
29143,-2081.614087505765
29144,-1860.625235486405
29145,-1934.6355098653016
29146,-2300.6449122846566
29147,-1964.6534446714734
29148,-1401.661109235023
29149,-939.6679084642685
29150,-416.67384512526286
29151,203.32107774148074
29152,662.316856823637
29153,1037.31348853973
29154,1282.3109690418096
29155,1270.3092942181352
29156,1294.3084596958777
29157,1206.3084608438337
29158,950.3092927751616
29159,609.3109503501391
29160,193.31342817895296
29161,-307.6832793754799
29162,-1029.6791781946445
29163,-1134.6742744015107
29164,-1385.6685743575586
29165,-2252.66208465973
29166,-2130.654812137299
29167,-1729.6467638486388
29168,-2139.637947077888
29169,-1894.6283693314797
29170,-1168.6180383345375
29171,-918.6069620270937
29172,-547.5951485601372
29173,194.41739370854862
29174,801.4306562187596
29175,1269.4446302124893
29176,1746.4593067388
29177,2296.474676658964
29178,2772.4907306518867
29179,3053.507459219808
29180,3023.524852694298
29181,2943.5429012425384
29182,2917.5615948738887
29183,2517.580923446718
29184,1871.6008766754935
29185,1553.6214441380962
29186,1238.6426152833324
29187,535.664379438626
29188,174.6867258178438
29189,318.70964352921567
29190,-125.26687841668831
29191,-1243.2428510989698
29192,-1048.2182856784495
29193,-875.1931933897981
29194,-2347.1675855337926
29195,-2633.141473469748
29196,-2067.1148686081688
29197,-2927.0877824036493
29198,-3087.060226348071
29199,-2045.032211964119
29200,-1778.0037507991551
29201,-1433.9748544194763
29202,-360.94553440496816
29203,315.08419765581345
29204,595.1143301701422
29205,1347.1448515451739
29206,1664.1757501915558
29207,1478.2070145265898
29208,1500.2386329769597
29209,1397.2705939810162
29210,939.3028859906414
29211,465.3354974726929
29212,-448.6315830899514
29213,-1089.5983671977351
29214,-1223.5648663341317
29215,-2165.531091965695
29216,-2786.4970555424306
29217,-2482.4627684984607
29218,-2770.428242252947
29219,-2740.3934882112408
29220,-1965.358517766219
29221,-1823.3233422997605
29222,-1203.2879731843252
29223,-139.25242178459553
29224,241.78330054087337
29225,820.8191824380419
29226,1644.855212555854
29227,2093.8913795448393
29228,2543.927672055885
29229,2795.9640787392213
29230,3163.0005882436635
29231,3195.037189216137
29232,3012.0738703015227
29233,3171.110620142834
29234,2796.147427381746
29235,2132.1842806594987
29236,2042.2211686181677
29237,1662.258079902306
29238,1050.2950031609494
29239,844.3319270499749
29240,497.36884023479865
29241,-608.5942686066121
29242,-1004.5574107804346
29243,-784.5205975734189
29244,-1911.483840249084
29245,-2793.4471500437044
29246,-2304.410538162124
29247,-2700.3740157734246
29248,-3303.337594006475
29249,-2628.3012839453822
29250,-2251.2650966248775
29251,-1900.2290430256508
29252,-763.1931340696781
29253,-295.1573806155277
29254,206.87820654632628
29255,1212.913616698175
29256,1499.948839199723
29257,1572.9838634927107
29258,2008.0186791054948
29259,1881.0532756575906
29260,1623.0876428641795
29261,1210.1217705405693
29262,173.15564860661328
29263,24.189267091090528
29264,-626.7773838639631
29265,-1931.7443139989582
29266,-1938.7115329324924
29267,-2354.679050157128
29268,-3186.6468750351883
29269,-2556.61501679457
29270,-2339.5834845245736
29271,-2653.5522871717176
29272,-1448.5214335355383
29273,-575.4909322643657
29274,-578.4607918510358
29275,671.5689793714541
29276,1624.5983732343634
29277,1707.6273817377269
29278,2463.6559970549747
29279,3180.684211537678
29280,2941.7120177204015
29281,2914.739408325694
29282,3417.7663762692014
29283,3093.792914664898
29284,2508.819016830432
29285,2714.8446762925514
29286,2564.8698867926064
29287,1768.8946422920847
29288,1741.9189369781548
29289,1735.942765269171
29290,633.9661218201176
29291,-479.01099847207206
29292,-390.98860046335585
29293,-1216.966688757644
29294,-2729.945267702116
29295,-2649.924341382853
29296,-3042.9039136208316
29297,-4087.883987968302
29298,-3662.8645677056275
29299,-3189.8456558385997
29300,-3299.827255096249
29301,-2337.8093679292215
29302,-1167.7919965087053
29303,-1024.775142725931
29304,-218.75880819227234
29305,1315.2570057600583
29306,1186.272298076725
29307,1269.287067979392
29308,2488.3013149632557
29309,2087.3150387940113
29310,1704.3282395042652
29311,1569.3409173893913
29312,814.3530730028856
29313,379.36470715122516
29314,-599.6241791117409
29315,-1580.613584490837
29316,-1778.6035074560164
29317,-2662.593946249192
29318,-3088.5848988914076
29319,-2457.5763631903137
29320,-2919.5683367478987
29321,-2674.560816968427
29322,-1397.553801066549
29323,-1410.5472860755328
29324,-763.5412688555487
29325,618.4642538980197
29326,659.4692856463075
29327,1373.4738299987994
29328,2424.4778907052923
29329,2418.4814716480555
29330,2514.484576834231
29331,3068.4872103885155
29332,3105.489376546165
29333,2746.491079646346
29334,2845.49232412586
29335,3080.4931145132687
29336,2548.4934554234355
29337,2306.4933515524804
29338,2643.4928076731594
29339,2174.49182863065
29340,895.4904193387451
29341,748.4885847764249
29342,617.4863299848006
29343,-1271.5163399356056
29344,-1803.519419827273
29345,-1794.522904477818
29346,-3241.5267886218785
29347,-3386.5310669427986
29348,-2782.535734074137
29349,-3310.5407846010357
29350,-2742.546213061463
29351,-1634.5520139473963
29352,-1740.5581817059385
29353,-1287.5647107404006
29354,129.42840458862463
29355,124.42116996218022
29356,-114.58640889815064
29357,937.4056737686215
29358,943.3974237617156
29359,553.3888469173581
29360,1115.379949107501
29361,1381.3707362384744
29362,852.361214249575
29363,1029.3513891115867
29364,1453.3412668252276
29365,1048.3308534195255
29366,138.32015495011922
29367,428.30917749748755
29368,406.2979271651005
29369,-1200.7135899225011
29370,-1240.7253676216983
29371,-857.7373997718645
29372,-2542.7496801974967
29373,-2509.7622027104057
29374,-1529.7749611119693
29375,-2536.7879491954336
29376,-1940.801160748248
29377,-531.8145895544438
29378,-637.8282293970187
29379,38.15792593967171
29380,1481.1438826675226
29381,1412.1296469923134
29382,1774.11522511137
29383,2676.10062321127
29384,2470.0858474655993
29385,1986.0709040327718
29386,2383.055799053915
29387,2067.040538650823
29388,1481.0251289239725
29389,1447.009575950608
29390,1427.9938857828752
29391,1119.9780644460045
29392,838.9621179365208
29393,973.9460522204698
29394,953.9298732316405
29395,-355.086413130236
29396,-342.10280100132206
29397,2.8807154444165235
29398,-2140.1358580067736
29399,-2293.152515610519
29400,-1718.1692516665332
29401,-3663.1860605209595
29402,-3620.2029365688677
29403,-2070.2198742569135
29404,-3279.2368680861687
29405,-2525.253912615109
29406,-487.2710024627833
29407,-1047.2881323121378
29408,-501.3052969134869
29409,1593.6775089118642
29410,1207.6602902678746
29411,925.643052179923
29412,2191.6257995908713
29413,1779.60853735707
29414,1004.591270244329
29415,1298.5740029238702
29416,1169.5567399682968
29417,298.5394858475986
29418,243.52224492522558
29419,261.50502145424343
29420,-320.5121804263896
29421,-583.5293566954086
29422,-369.5465034526638
29423,-797.5636169223527
29424,-1072.580693456037
29425,-825.597729535421
29426,-948.6147217748663
29427,-1129.631666923615
29428,-865.6485618677048
29429,-601.6654036315482
29430,-715.6821893791514
29431,-540.6989164149456
29432,100.28441781578238
29433,16.26781572688816
29434,133.2512795918156
29435,997.2348115445029
29436,810.2184135807681
29437,1068.2020875601931
29438,1888.1858352085037
29439,1548.1696581204562
29440,1661.1535577632474
29441,2256.137535480416
29442,1541.121592496264
29443,1534.1057299207678
29444,1669.0899487549723
29445,1065.0742498968455
29446,1042.0586341475712
29447,765.0431022182552
29448,387.0276547370157
29449,337.0122922564236
29450,-158.00298473874602
29451,-317.0181758234871
29452,-85.03328062430421
29453,-618.0482988107644
29454,-533.0632300868958
29455,-658.0780741824833
29456,-1597.0928308442985
29457,-1161.107499827304
29458,-1343.122080885882
29459,-2527.1365737651104
29460,-2078.150978192133
29461,-2128.165293867663
29462,-2918.1795204576256
29463,-1962.193657584992
29464,-1542.2077048218143
29465,-1694.2216616814856
29466,-340.2355276112313
29467,359.75069801513746
29468,472.7370159042189
29469,1396.723426849743
29470,1911.7099317390143
29471,1924.6965315590728
29472,2120.683227402573
29473,2059.6700204733625
29474,1468.6569120917814
29475,1183.6439036996467
29476,907.6309968649366
29477,268.6181932861605
29478,-210.39450520358554
29479,-265.40709663288953
29480,-429.41957888862873
29481,-414.43194971291564
29482,-1.4442067003978991
29483,354.5436527040807
29484,65.53163120744992
29485,-69.48026832999682
29486,760.5079571065984
29487,214.4963106874596
29488,-762.5152042614225
29489,-61.52658425830549
29490,-624.5378256661345
29491,-1789.548924693399
29492,-730.5598773954233
29493,-604.5706796760928
29494,-1118.5813272900136
29495,389.40818415489105
29496,565.3978591943444
29497,-109.61229749574754
29498,1302.3777188968074
29499,1556.3679133161613
29500,186.3582908336925
29501,800.3488566428592
29502,823.3396160536481
29503,-432.6694255133609
29504,-290.67826253331265
29505,-389.68688938376494
29506,-1183.6953003517212
29507,-930.7034896410031
29508,-965.711451379941
29509,-1387.7191796293623
29510,-1118.726668390858
29511,-1108.7339116153018
29512,-1046.7409032115954
29513,-746.7476370556108
29514,-714.7541069993036
29515,-477.760306879964
29516,-145.76623052957382
29517,-56.77187178423475
29518,236.22277550636863
29519,428.21771746950606
29520,430.2129601999728
29521,692.2085097507332
29522,691.2043721236682
29523,555.2005532604666
29524,1021.1970590336866
29525,825.1938952380226
29526,629.1910675818083
29527,1064.1885816787749
29528,934.1864430400957
29529,796.1846570667425
29530,1042.1832290421592
29531,734.1821641252772
29532,673.1814673438896
29533,672.1811435883851
29534,364.1811976058572
29535,537.1816339945882
29536,401.18245719891
29537,77.18367150444317
29538,163.1852810337097
29539,-134.81271025788703
29540,-428.8102985857196
29541,-350.8074803392436
29542,-626.8042520849634
29543,-683.8006105690673
29544,-457.79655271974593
29545,-832.7920756492036
29546,-742.7871766553782
29547,-347.78185322338345
29548,-561.7761030266877
29549,-575.7699239280357
29550,-316.76331398014
29551,-360.7562714261413
29552,-399.7487946998561
29553,-195.74088242582434
29554,-202.7325334191669
29555,-134.72374668526453
29556,173.28547858072875
29557,255.2951429945278
29558,306.3052469835046
29559,433.3157907876095
29560,560.326774460416
29561,542.3381978702762
29562,422.35006070157766
29563,226.3623624560876
29564,173.37510245437616
29565,169.38827983730098
29566,-106.59810643245612
29567,-107.58405756881506
29568,-13.569574960699597
29569,-159.55466017042824
29570,78.4606850678921
29571,294.47645884995313
29572,291.49265910280343
29573,589.5092835863607
29574,502.5263298948625
29575,477.5437954582474
29576,714.5616775434462
29577,421.579973255575
29578,230.59867953901608
29579,243.61779317836996
29580,-309.3626892007277
29581,-660.3427711309363
29582,-538.3224563026992
29583,-1057.301748563898
29584,-1277.2806519196786
29585,-970.2591705324581
29586,-1387.237308722114
29587,-1171.2150709663492
29588,-507.1924619012475
29589,-862.169486322005
29590,-460.14614918383074
29591,135.8775443969855
29592,-68.0984108581456
29593,380.92597960852595
29594,587.9507101895961
29595,228.97577511090543
29596,482.00116842983766
29597,414.0268840335362
29598,-20.94708436293763
29599,150.07925678150934
29600,-21.89409916790956
29601,-402.8671590237722
29602,-168.83992977834436
29603,-158.8124186054396
29604,-357.78463286222154
29605,-23.756580090929475
29606,214.27173197949156
29607,161.300295431878
29608,385.32910215946856
29609,542.3581438646759
29610,505.3874120580293
29611,583.4168980573016
29612,369.4465929868355
29613,335.47648777708554
29614,369.506573164383
29615,180.5368396909367
29616,320.56727770507933
29617,561.5978773617637
29618,585.6286286233166
29619,829.6595212604535
29620,966.6905448535535
29621,885.7216887942018
29622,840.7529422869916
29623,617.7842943515909
29624,231.81573382506417
29625,-144.15275063555202
29626,-619.1211705504261
29627,-975.0895376138646
29628,-1233.0578636910152
29629,-1697.0261608143342
29630,-1693.9944411798313
29631,-1578.962717143101
29632,-1589.9310012151311
29633,-1408.8993060578978
29634,-963.8676444797579
29635,-536.8360294306293
29636,-253.80447399696288
29637,65.22700860349153
29638,529.2584050271289
29639,825.2897018101419
29640,1007.3208853743859
29641,1132.3519420334526
29642,1051.3828579989568
29643,1008.4136193870364
29644,965.4442122250591
29645,765.4746224585351
29646,544.5048359582328
29647,451.53483852748946
29648,474.56461590970423
29649,463.59415379600625
29650,396.62343783308467
29651,384.6524536311683
29652,374.68118677213806
29653,275.70962281775616
29654,183.73774731799475
29655,-33.23445418055633
29656,-241.20699612622207
29657,-208.1798929537366
29658,-382.15315907572165
29659,-796.1268088741678
29660,-655.1008566919436
29661,-416.0753168243536
29662,-594.0502035107663
29663,-413.0255309263323
29664,-58.001313173814886
29665,-30.977564275550268
29666,122.04570183444244
29667,468.0684713181826
29668,497.0907304412652
29669,441.1124655801974
29670,441.1336632295181
29671,337.1543100086888
29672,302.17439266874135
29673,37.19389809867039
29674,-186.78718666843656
29675,-237.76887444954315
29676,-461.7511779060886
29677,-651.734109538699
29678,-810.7176816821867
29679,-814.7019065008424
29680,-774.6867959840151
29681,-923.6723619419822
29682,-888.6586160021013
29683,-587.6455696052365
29684,-599.6332340024519
29685,-734.6216202519545
29686,-487.610739216274
29687,-437.6006015596609
29688,-810.5912177456851
29689,-678.5825980350144
29690,-308.57475248335294
29691,-454.5676909395109
29692,-273.56142304358264
29693,295.44404177478884
29694,506.4486942980908
29695,749.4525255225863
29696,1253.455526659953
29697,1512.4576891389393
29698,1567.459004607063
29699,1566.4594649323726
29700,1417.4590622052947
29701,1173.4577887405824
29702,1020.4556370793729
29703,757.4525999913799
29704,460.4486704772288
29705,340.44384177093644
29706,211.43810734254527
29707,80.43146090091659
29708,-77.57610360331785
29709,-232.5845919746431
29710,-413.5940097693898
29711,-541.6043622923061
29712,-612.6156545929782
29713,-705.6278914621032
29714,-875.6410774276189
29715,-811.6552167506961
29716,-629.6703134215982
29717,-640.6863711554131
29718,-492.7033933876662
29719,-212.7213832698152
29720,-22.74034366463377
29721,107.23972285851428
29722,160.21881402850275
29723,240.19692787737114
29724,354.1740627453485
29725,261.1502172859697
29726,88.12539047128061
29727,-102.90041840287142
29728,-218.92720971146457
29729,-46.95498349485095
29730,-240.98373945323146
29731,-440.0134769410574
29732,-216.04419496136578
29733,-15.075892160052078
29734,-67.10856682008159
29735,-11.142216855646808
29736,112.82316019372576
29737,114.78756716911565
29738,188.7510072981892
29739,216.7134842012156
29740,117.67500189711302
29741,198.6355648095163
29742,75.59517777286044
29743,-54.44615396152729
29744,36.51157528066237
29745,153.46837160280035
29746,99.424241543378
29747,133.3791920820341
29748,360.3332306455372
29749,283.2863651137114
29750,252.23860382529244
29751,482.1899555836984
29752,454.1404296626995
29753,211.09003581197263
29754,327.0387842625212
29755,239.98668573194306
29756,-11.066248570470435
29757,-190.12000693882632
29758,-42.17457716593046
29759,-184.22994653881773
29760,-497.28610183453213
29761,-344.3430293161766
29762,11.599285270745774
29763,-189.45914329832146
29764,-253.518299723972
29765,53.4218318198257
29766,107.36126768802063
29767,33.30002476638066
29768,-97.76187952701588
29769,-131.82442724071527
29770,-1.8875998892686443
29771,-219.9513784530748
29772,-607.0157433786997
29773,-281.0806745796903
29774,-86.14615143789884
29775,-186.2121528053251
29776,-190.27865700649653
29777,100.65435815860548
29778,359.5869154110611
29779,452.519037988959
29780,385.45074964276375
29781,662.3820746300977
29782,922.313037709926
29783,778.2436641361395
29784,252.1739796505293
29785,-518.8959895248521
29786,-334.96621669594697
29787,-419.036674705576
29788,-1252.1073359429442
29789,-1411.1781723537756
29790,-970.2491554510741
29791,-739.3202563265097
29792,-319.39144566242686
29793,-280.46269374447326
29794,232.46602952516213
29795,790.3947546139046
29796,714.3235123443545
29797,583.2523338792652
29798,559.1812507059464
29799,336.11029462010623
29800,316.0394977091465
29801,-132.0311076650779
29802,-199.10148888401372
29803,-82.17161309067048
29804,-733.2414472083673
29805,-411.3109579599472
29806,65.6198881125525
29807,-89.44887537220161
29808,268.48278534464765
29809,518.4149041412372
29810,1005.3475149937037
29811,1753.2806519545493
29812,1248.2143491306788
29813,534.1486406611382
29814,-351.9164393054423
29815,-661.9808566336569
29816,-1119.0445772243725
29817,-2493.1075670379855
29818,-2663.169792117861
29819,-1908.2312186139293
29820,-1688.291812806408
29821,-747.351541129619
29822,319.5896298041275
29823,1396.5317331806243
29824,2371.474801959857
29825,2090.418868852135
29826,1294.3639662942974
29827,839.3101264260289
29828,391.2573810663207
29829,-824.7942383098891
29830,-1792.8447005948626
29831,-1672.8939750709574
29832,-875.9420314332442
29833,-650.9888398118063
29834,-502.0343707936944
29835,521.9214045554954
29836,1300.878514670456
29837,1441.8369874654466
29838,1211.7968503140382
29839,801.7581300293624
29840,840.7208528448849
29841,317.6850443957276
29842,-750.3492702994353
29843,-943.3820668558842
29844,-944.4133215397542
29845,-978.443011284296
29846,-921.4711137054938
29847,-602.4976071170216
29848,247.47752945547592
29849,628.4543162607889
29850,885.4327728092419
29851,1384.4129178604926
29852,1166.3947694120334
29853,1048.3783446884072
29854,855.3636601311209
29855,211.3507313892679
29856,-36.660426689155486
29857,-337.6698000652443
29858,-441.67737551650254
29859,-41.683140643496614
29860,26.312916124136308
29861,200.31080552231208
29862,637.3105374477311
29863,802.3121209536985
29864,941.3155642465069
29865,854.3208746823577
29866,595.3280587647912
29867,509.3371221426008
29868,139.34806960819515
29869,59.36090509638399
29870,20.375631683548306
29871,-445.60774841283205
29872,-607.5892338343293
29873,-571.568824081431
29874,-1368.5465195131435
29875,-1419.5223213463664
29876,-978.4962316550759
29877,-930.4682533693365
29878,-908.4383902741761
29879,-535.4066470083415
29880,22.626970937040113
29881,392.6624572198683
29882,161.69980464852776
29883,11.739005183381408
29884,116.78004993828264
29885,25.822929182093958
29886,-316.13236765979843
29887,-492.0858520039849
29888,-89.03753610755375
29889,463.0125669333595
29890,359.06444318499246
29891,279.1180778773431
29892,376.173455405522
29893,63.23055933107575
29894,-25.7106276167182
29895,-232.65012353958173
29896,-396.5879473689838
29897,-79.52411886489861
29898,457.54134138543407
29899,801.6084119687584
29900,1036.6770706470747
29901,688.7472943589474
29902,164.81905922086827
29903,-923.1076594713123
29904,-1563.0328872408638
29905,-1633.9566504285472
29906,-2365.878976190853
29907,-2322.7998924980793
29908,-1046.7194281322402
29909,93.36238731524179
29910,1103.4455234460834
29911,2056.5299490579573
29912,2590.615632147611
29913,2529.7025399143254
29914,1387.7906387637443
29915,-582.1201056878809
29916,-1842.029728609005
29917,-1887.9382659476216
29918,-2309.8457544255853
29919,-2412.7522315323827
29920,-1379.657735518313
29921,445.4376946129523
29922,1922.5340191124687
29923,1932.631197494814
29924,1634.7291885476138
29925,1488.8279503418385
29926,861.9274402429114
29927,-497.9723850773438
29928,-1923.8715696278928
29929,-2337.770158084773
29930,-1985.6681957764476
29931,-1523.5657286682065
29932,-501.462803345587
29933,551.6405330032028
29934,1528.7442326058954
29935,2090.848247125818
29936,2007.9525276826068
29937,1565.0570248739994
29938,866.1616887987107
29939,12.266469080399645
29940,-582.6286851072746
29941,-920.5238250145079
29942,-703.4190022881244
29943,-150.31426894328192
29944,526.7903226658746
29945,1454.8947198765957
29946,1970.9988697489193
29947,1993.102719098046
29948,1791.2062145276584
29949,1430.3093024641566
29950,723.4119291917586
29951,-45.485959111576676
29952,-605.384416337453
29953,-195.28349640962506
29954,608.8167467540679
29955,732.9162592803618
29956,1029.0149873797586
29957,860.1128773861765
29958,-567.7901242030018
29959,-1064.6940706865569
29960,-1121.5990151188134
29961,-1667.5050102688404
29962,-2137.4121085795464
29963,-2086.3203621267503
29964,-1307.22982257829
29965,-128.14054115324438
29966,189.94743141865
29967,328.03404493733996
29968,76.11924977247031
29969,153.20299690301857
29970,432.2852379564776
29971,-420.63407475247357
29972,-776.5549881838693
29973,-76.47754853499077
29974,662.598198796414
29975,1208.6722092481648
29976,588.7444391288889
29977,-405.1851543475875
29978,324.88338697126005
29979,564.9500222092047
29980,-403.98528850716605
29981,-1053.9225840179183
29982,-364.86190210031225
29983,1501.1967205595483
29984,2416.25324839392
29985,1725.3076469794428
29986,907.359883061955
29987,-1082.5900754199322
29988,-2364.5422593125095
29989,-2548.49669822593
29990,-3653.4534205144537
29991,-4158.412453258024
29992,-3136.3738222451384
29993,-927.3375519570682
29994,2011.6963344466226
29995,3228.7278151412083
29996,3579.7568696486383
29997,3443.7834788480714
29998,2021.8076249851283
29999,-376.17070832010336
30000,-3426.1515360663207
30001,-4524.134871865469
30002,-3434.120727938404
30003,-2094.1091151117153
30004,-534.1000428156952
30005,1859.9064809166157
30006,3940.910449449312
30007,4405.911857542494
30008,2968.910701350156
30009,244.9069784171567
30010,-2048.0993123247063
30011,-3098.1081705614542
30012,-3846.119594602493
30013,-4218.133581386928
30014,-2555.1501264905805
30015,502.8307758663441
30016,2795.809132810966
30017,2621.7849528088905
30018,2556.7582456548535
30019,2542.7290224629155
30020,1326.6972956562436
30021,-699.336921043473
30022,-2781.373612626925
30023,-2805.4127628083606
30024,-1017.4543540370137
30025,96.50163249127337
30026,775.4552168222533
30027,1712.4064202313414
30028,2730.355265211577
30029,3024.301775461498
30030,1632.2459758729615
30031,603.1878925189214
30032,25.127552641175214
30033,-197.93501536191212
30034,-54.999781947700626
30035,-37.06671644158911
30036,422.86421295065156
30037,1519.7930391305126
30038,1022.7197960943392
30039,-61.35548107913394
30040,-686.4327562413237
30041,-664.5119921864416
30042,-891.5931506642621
30043,-950.6761923930417
30044,-668.7610770726338
30045,214.15223660218157
30046,885.0637909281032
30047,1428.9736291794209
30048,1619.8817955937868
30049,1323.7883353576094
30050,1191.6932945910278
30051,809.5967203324153
30052,-6.501339477622878
30053,931.3991639871851
30054,1679.2982804216003
30055,2489.1960603710427
30056,-448.90744478695115
30057,-4791.012182862003
30058,-2878.118100870964
30059,-789.225145058821
30060,-644.333260920484
30061,-1995.4423932234918
30062,-2200.5524860316586
30063,706.3365172703109
30064,2998.2246739511997
30065,632.1120419066367
30066,-2488.0013203685703
30067,-4086.1153538091444
30068,-3413.2299988090895
30069,-2995.345195252479
30070,-3177.4608825452956
30071,-2805.5769996482995
30072,70.30651488909712
30073,3549.1897228939724
30074,5847.072686534084
30075,2157.9554682811145
30076,-1310.1618691269505
30077,-456.27926272431824
30078,707.603350643312
30079,-435.5139657213232
30080,-1960.631148407855
30081,-1357.7481339397664
30082,3916.135141183494
30083,7601.018740443804
30084,7720.902727261128
30085,1520.7871649497874
30086,-5663.327883325704
30087,-4621.44235459515
30088,-3362.5561861275282
30089,-5510.669315476099
30090,-7156.781680523731
30091,-5166.893219528394
30092,2204.9961288312797
30093,7657.886425410354
30094,6849.777730551988
30095,4232.670104041953
30096,2559.5636050632643
30097,1384.4582921510919
30098,-3647.64577685205
30099,-7309.74854484075
30100,-5204.849955490731
30101,-1001.949953302412
30102,4542.9515163560845
30103,6864.854507206514
30104,3277.7590720187864
30105,3516.6652625699653
30106,2863.5731296040585
30107,-10.517277207307416
30108,-4908.605909303306
30109,-7526.692719271354
30110,-6836.777660883513
30111,-2998.860689131813
30112,-864.9417602624301
30113,585.9791681913375
30114,1210.9021373773614
30115,2268.827187094296
30116,1430.7543557625681
30117,-464.31631960318487
30118,-2516.3848034201906
30119,-2740.451061562063
30120,-1441.5150613817277
30121,1654.4232282672951
30122,2070.363837011289
30123,412.3067929384754
30124,1160.252122582914
30125,2825.1998509101995
30126,3223.150001304982
30127,2245.1025955603136
30128,1481.0576538688495
30129,2755.0151948159055
30130,5485.975235374361
30131,7623.937790901391
30132,5334.902875137023
30133,-3788.129499795513
30134,-6620.159323387668
30135,-3457.186586741741
30136,-994.2112825653737
30137,-1897.2334051644534
30138,-3380.25295043445
30139,-441.26991585025064
30140,5654.71569954544
30141,9580.70389515506
30142,8756.69466884046
30143,4424.688016938411
30144,-4268.316065722743
30145,-9570.31758580531
30146,-10842.316551443517
30147,-8607.312972223826
30148,-5894.306859164421
30149,-2164.298224693873
30150,2297.7129173709122
30151,8178.726551847403
30152,10183.742662210749
30153,5859.761230617625
30154,-1032.2177620693922
30155,-7714.194336257025
30156,-9321.168513596045
30157,-7773.1403169557
30158,-5946.109770397787
30159,-3807.076899150405
30160,982.9582704185241
30161,7664.995710828007
30162,10382.035393510956
30163,3329.077288841371
30164,-2679.8786338382524
30165,-5206.832406189315
30166,-4126.784060849321
30167,-3591.7336314039094
30168,-4394.681152358709
30169,-1916.6266591110366
30170,6522.429812078567
30171,12969.488224114932
30172,13930.548539097013
30173,1867.6107183467502
30174,-7018.325277561895
30175,-5682.259488773786
30176,-2923.1919561233603
30177,-1638.1227211053063
30178,-3721.051825845201
30179,-1310.9793130700987
30180,8410.094773920891
30181,14812.170391286018
30182,9698.24749467024
30183,1096.3260392345458
30184,-3301.5940203148175
30185,-5004.512729697211
30186,-8294.430135028668
30187,-11614.34628279313
30188,-10506.261219813941
30189,-3207.174993225527
30190,5359.912349554631
30191,8828.000760853734
30192,7462.090192771114
30193,2746.180597205387
30194,-1212.7280741187046
30195,-6683.635869623773
30196,-9374.542837853573
30197,-9306.449027447135
30198,-5752.354487113208
30199,-867.2592656050005
30200,4133.836588304766
30201,4473.933025848525
30202,4661.029998288293
30203,2769.127456939855
30204,1846.2253531967326
30205,25.32363855395556
30206,-1353.5777353683445
30207,-1256.4788168015198
30208,869.6203461948637
30209,4031.7197057561434
30210,8897.819214235542
30211,4856.918824227004
30212,-2178.9815114120693
30213,-3488.88183953823
30214,-2675.7822066995177
30215,823.317340886867
30216,807.4167573566976
30217,184.51599722068048
30218,2006.6150153861993
30219,3380.713767178836
30220,5884.81220836364
30221,5996.910295166099
30222,421.00798429280076
30223,-4593.89476704824
30224,-9301.79800112766
30225,-7586.701759675211
30226,-2532.606083860704
30227,-1039.5110142754236
30228,37.58340908593641
30229,1328.6771468427817
30230,4938.770160245574
30231,5823.862411192191
30232,1398.9538622436844
30233,-3883.9555233606006
30234,-7999.865781688542
30235,-6837.776948101402
30236,-1611.6890572406644
30237,-1191.602143015545
30238,-2792.5162385911726
30239,-1484.4313763774555
30240,2661.652411981387
30241,6371.735095616623
30242,4548.816644444142
30243,99.8970291729641
30244,-1820.0237786869125
30245,1378.0541931827327
30246,5372.13091791494
30247,4102.206369463556
30248,-3651.7194773913934
30249,-5946.646647038919
30250,-915.5751630328763
30251,5460.494951911646
30252,4875.563675921345
30253,942.6309879671206
30254,-3484.303132134071
30255,-2201.2387037179315
30256,3267.8242547278896
30257,5022.885725563919
30258,1205.9456919984111
30259,-2775.995861913662
30260,-5174.938951272195
30261,-3494.8835903340864
30262,-1080.82979251596
30263,-2672.777570397427
30264,-2739.7269357249193
30265,-852.6778994160516
30266,2150.3695284354917
30267,4738.41533855456
30268,2589.4595224786285
30269,-1733.4979274485718
30270,-3705.457018083885
30271,-2314.4177554919916
30272,735.6198550469153
30273,-1530.3441909709509
30274,-5032.309897281401
30275,-4756.277266861053
30276,366.7536980635912
30277,5769.782996006779
30278,5527.81062621386
30279,2957.836588651419
30280,1803.8608839972082
30281,4106.883513629914
30282,7534.9044796187545
30283,2328.923784712927
30284,-6975.058567669058
30285,-7103.042573450158
30286,-1612.0282279057033
30287,5464.9844743256335
30288,4411.995539230786
30289,-3671.995026588844
30290,-5798.9872159285715
30291,672.0189790083225
30292,7459.023566599273
30293,6518.026555791058
30294,-1747.9720439116363
30295,-7482.972222457675
30296,-7511.973969260956
30297,-3370.977273211937
30298,-266.98212268916166
30299,-1862.9885055708714
30300,-1825.9964092466041
30301,934.9941793711992
30302,4469.983273835602
30303,5833.970888153599
30304,2509.9570367745764
30305,-1273.0582654211887
30306,-2378.075003133952
30307,-3598.0931606558606
30308,-4156.11272188222
30309,-4224.133670322687
30310,-2091.155989112333
30311,3223.8203389773876
30312,6578.795331527789
30313,6169.769006462243
30314,5072.74138203561
30315,4212.7124768238045
30316,4928.682309713517
30317,2984.6508998920335
30318,-4085.381733162798
30319,-8228.41556969246
30320,-4567.450589667556
30321,2387.5132272025153
30322,2452.475901459944
30323,-2259.562546110998
30324,-4489.6020944934135
30325,-324.64272244716767
30326,5330.315591481766
30327,5365.272868951996
30328,148.22913181740694
30329,-5089.815597882097
30330,-7640.861297929841
30331,-7027.907945941598
30332,-4408.955519374773
30333,-2260.0039955376064
30334,555.9466484016452
30335,3599.896435405567
30336,6497.845388558478
30337,6651.793531057369
30338,2569.7408862029124
30339,-1012.3125226094578
30340,-3335.366671898359
30341,-5338.42153810518
30342,-5723.477097602684
30343,-4718.533326703489
30344,-1750.5902016684213
30345,3182.3523012852847
30346,8248.294205975932
30347,10788.235536249465
30348,8712.176315971785
30349,5600.11656902118
30350,3160.0563192809823
30351,-1738.0044093676288
30352,-7063.065593052659
30353,-7865.127207918198
30354,-4139.189230131158
30355,370.7483641120774
30356,655.6855985790827
30357,-542.3775030050527
30358,-596.4409169641082
30359,2348.49538032296
30360,5586.431412415754
30361,4160.367202806214
30362,-791.6972250875667
30363,-6114.761847927504
30364,-9711.82664246167
30365,-7548.891585530412
30366,-3770.9566540724763
30367,-1217.0218251311053
30368,1045.9129241398564
30369,2967.8476164698673
30370,6446.782274465629
30371,7799.716920605064
30372,4574.6515772313305
30373,-1981.4137334530737
30374,-8005.478989392143
30375,-8370.544168682107
30376,-4906.609249577081
30377,-1285.6742104946052
30378,2696.260969978925
30379,4609.19631308296
30380,6357.1318398776275
30381,9232.067571238711
30382,9747.003527852765
30383,8370.939730212387
30384,1569.87619861166
30385,-7564.187046858313
30386,-10279.249986313695
30387,-5552.312600082099
30388,1499.625131293343
30389,2399.5632270499536
30390,-1136.4982937984187
30391,-2137.559412465285
30392,1240.3798896046546
30393,5326.319630731696
30394,4288.259828997332
30395,-788.7994977595433
30396,-5345.858331946434
30397,-8225.91665622105
30398,-7166.974453495139
30399,-4620.031706938345
30400,-2856.0883999821
30401,-415.14451632355156
30402,2840.799960070485
30403,5973.745044959575
30404,7888.690753825705
30405,5475.6371018693135
30406,615.5841040053723
30407,-5288.468225140524
30408,-8294.519871235985
30409,-6871.570820245614
30410,-3619.6210584347077
30411,1173.3294276271126
30412,5234.280651062352
30413,7004.232624682201
30414,8348.1853609832
30415,8771.138872144038
30416,7849.093170022466
30417,3772.0482661523856
30418,-3992.995828259005
30419,-9267.039102333878
30420,-7972.081545526352
30421,-2140.123147624973
30422,372.83610124489
30423,-934.2037893812351
30424,-1548.242810309145
30425,754.7190473119097
30426,4312.681791987164
30427,5795.64543187434
30428,2373.6099747817043
30429,-3001.4245718338175
30430,-7274.458200868448
30431,-8061.490905573327
30432,-5613.522679556202
30433,-4004.5535167830826
30434,-2677.583411579786
30435,-151.61235863342358
30436,4122.3596470062275
30437,8410.332609925461
30438,8016.306534345528
30439,3966.281424121683
30440,-1994.7427172576122
30441,-6299.765886671281
30442,-5966.7880813660495
30443,-4052.809298956645
30444,-1686.8295374257607
30445,1188.1512048761986
30446,4154.1329292316095
30447,7754.115636556362
30448,10170.099327400865
30449,10331.08400195128
30450,7035.069660031017
30451,-678.9436988975181
30452,-6886.956075730943
30453,-7355.9674717227
30454,-4911.977888480663
30455,-2906.987327964522
30456,-3480.9957924830487
30457,-3269.003284691178
30458,-310.00980758697
30459,3432.9846354915544
30460,5836.980040869669
30461,4106.976404539293
30462,-28.026277837565885
30463,-4491.028010925312
30464,-7876.0287997111745
30465,-7420.028649501571
30466,-5620.0275659183935
30467,-2884.025554895268
30468,317.9773773262707
30469,3238.9812242006656
30470,6679.9859788823105
30471,7646.991634229617
30472,5373.998182809157
30473,-528.9943831000629
30474,-5990.986071502203
30475,-7365.976890680073
30476,-4826.966849190481
30477,-370.95595585944716
30478,3260.0557802227218
30479,5277.068349706498
30480,7040.081742988374
30481,8458.095950216235
30482,9525.110961294897
30483,6290.126765891748
30484,-1368.8566465574372
30485,-7271.839286842574
30486,-8085.821165973255
30487,-4686.802295172635
30488,-1883.782685871269
30489,-2282.762349700925
30490,-1956.7412984883756
30491,5.280455750813076
30492,3401.302900818497
30493,5422.326024340132
30494,3697.349813770908
30495,185.3742564018458
30496,-4956.600660634155
30497,-8148.574950356338
30498,-7948.548625930175
30499,-6558.52170066148
30500,-3291.4941879906196
30501,-444.4661014868195
30502,3026.5625451575233
30503,6937.591738132461
30504,8302.621463516083
30505,6712.6517072801025
30506,822.6824552954201
30507,-5351.286306662279
30508,-7301.254592906896
30509,-4862.2224178362485
30510,-757.1897959263832
30511,1868.8432582741866
30512,3277.876730150287
30513,5621.910605025953
30514,8655.944868170354
30515,11106.979504803792
30516,8078.01450010378
30517,-82.95016078885214
30518,-6362.914492763806
30519,-7338.8785107351105
30520,-3794.8422296349163
30521,-2472.805664407308
30522,-4443.768830002151
30523,-4798.731741368968
30524,-1714.6944134508763
30525,3669.3431388214062
30526,6623.380900535458
30527,4766.418856802958
30528,402.45699276536845
30529,-4884.504706400479
30530,-6852.466255476924
30531,-5930.427669200132
30532,-4866.388962254873
30533,-4168.35014926941
30534,-3312.311244810508
30535,713.7277366214516
30536,6021.766780597246
30537,8944.80587276351
30538,7600.844998847384
30539,1527.8841446610652
30540,-4591.076703893629
30541,-6271.037560820758
30542,-4223.998440025741
30543,-697.9593553108721
30544,1593.0796796291647
30545,2598.118651211783
30546,4341.157545970988
30547,6707.196350561876
30548,9087.23505176515
30549,7924.27363649163
30550,1444.3120917867673
30551,-4364.649595164825
30552,-6416.611437034886
30553,-3412.573446347062
30554,-477.5356354725319
30555,-1756.4980166256946
30556,-3696.460601859971
30557,-3842.423403063723
30558,-81.38643195630499
30559,4327.650299915736
30560,5323.686781182281
30561,2441.7230006531117
30562,-3514.241052678806
30563,-7388.205389634219
30564,-6924.1700208446655
30565,-5118.13495674976
30566,-3083.100207594621
30567,-2606.06578342751
30568,-847.0316940976215
30569,3509.002050746957
30570,7014.035441661152
30571,7455.0684694046795
30572,3315.101124943738
30573,-2305.866600547402
30574,-5268.834715684877
30575,-5368.80322887374
30576,-2915.7721483065147
30577,-447.7414819617559
30578,1364.2887623973534
30579,3764.318577224425
30580,6340.3479551913015
30581,9594.376889189512
30582,10399.40537233177
30583,6034.433397953488
30584,-645.5390403856677
30585,-5940.5119489002145
30586,-5945.48533357728
30587,-2641.4592001750393
30588,-1742.4335542212084
30589,-2551.4084010115544
30590,-4003.3837456084907
30591,-1808.3595928397328
30592,3235.6640527029513
30593,6230.687186664868
30594,5223.709804929388
30595,-314.26809638117834
30596,-6172.246520904855
30597,-8168.225472039423
30598,-7105.20495294199
30599,-4851.184966528739
30600,-3440.1655154748296
30601,-2045.1466022144918
30602,1762.871771058757
30603,5700.889602391739
30604,7558.906890071116
30605,4972.923632622776
30606,-135.06017118888457
30607,-3894.0445223617417
30608,-5073.0294216567845
30609,-3415.0148695990206
30610,-1105.000866478412
30611,306.01258764914996
30612,1549.0254929608554
30613,3382.0378498659784
30614,6682.049659004885
30615,9580.060921248047
30616,9190.071637695062
30617,4045.0818096736784
30618,-3170.908561261157
30619,-6563.899473328271
30620,-4302.890924521246
30621,71.1170873905337
30622,1034.1245648607814
30623,-1749.8684894348703
30624,-3903.8620726001313
30625,-1955.8561815194264
30626,2492.1491871405888
30627,5155.154036929372
30628,3131.1583716106616
30629,-1942.8378048395211
30630,-6085.834488235062
30631,-6976.831674182136
30632,-5788.8293580817935
30633,-3850.827535132751
30634,-2800.826200334407
30635,-1188.8253484900488
30636,2023.1750257897334
30637,4631.174928083459
30638,5104.174364154989
30639,2658.1733399496025
30640,-428.8281384100553
30641,-2410.8300646281546
30642,-3009.8324322399662
30643,-2389.8352346162324
30644,-1408.8384649676113
30645,-382.84211634918455
30646,977.1538183350071
30647,2688.149346327392
30648,5307.144475012278
30649,8073.139211911265
30650,8832.133564678643
30651,5355.12754109681
30652,-851.8788509282954
30653,-4888.885603371752
30654,-4607.892708094215
30655,-1762.9001568464867
30656,97.09205872587916
30657,-1064.9160529220655
30658,-2322.924483239357
30659,-1473.9332235838808
30660,1183.0577347727994
30661,3336.04840064052
30662,2954.03878290549
30663,689.0288905251545
30664,-2869.981267477056
30665,-5578.991682017093
30666,-6484.002343955786
30667,-5702.013244104481
30668,-3463.0243732307977
30669,-737.0357220645212
30670,2059.9527186963965
30671,3609.9409583797406
30672,3271.9290063328426
30673,1665.9168719163201
30674,159.90456449777201
30675,-520.1079065545662
30676,-1174.1205318781763
30677,-1889.133302122609
30678,-2290.1462079558114
30679,-2087.159240070398
30680,-361.1723891898711
30681,1809.8143539252533
30682,3924.800998471417
30683,5293.787553596106
30684,5364.774028392072
30685,4364.760431891713
30686,2196.746773061601
30687,-215.2669392028315
30688,-1554.2806960824396
30689,-2092.2944888393677
30690,-1757.308308821891
30691,-1198.3221474691175
30692,-264.33599631554443
30693,698.6501530045122
30694,1015.6363087526024
30695,1251.6224790819376
30696,1290.6086720332778
30697,1326.594895530911
30698,753.5811573787039
30699,-1100.4325347437805
30700,-3482.4461732851164
30701,-5313.459750825794
30702,-5159.473260081972
30703,-3043.486693909197
30704,-337.50004530609783
30705,1508.4866925819783
30706,1270.4735264593457
30707,248.46046287640854
30708,-621.5524917738497
30709,-684.5653312593125
30710,-235.57804951209823
30711,-186.59064063183354
30712,-509.6030988888169
30713,-1250.615418727055
30714,-1368.627594767152
30715,-319.6396218090385
30716,1428.348505165484
30717,2797.33679099039
30718,2426.3252403132947
30719,1295.3138575935518
30720,693.302647100588
30721,1240.2916129125022
30722,2367.280758914924
30723,2380.270088800139
30724,1392.2596060664896
30725,255.24931401804338
30726,-236.76078423546346
30727,1.2293142215812622
30728,285.2196121111276
30729,213.2101119621667
30730,-270.7991838883328
30731,-458.80827329427103
30732,2.182845700938344
30733,757.1741748659059
30734,994.165715782967
30735,427.15746985003256
30736,-635.8505617174337
30737,-1511.8583778843265
30738,-1674.8659777937178
30739,-884.8733607645951
30740,-242.88052628954983
30741,-352.8874740324124
30742,-1240.8942038258626
30743,-2282.9007156690154
30744,-2496.907009724992
30745,-1889.9130863184714
30746,-1169.9189459332497
30747,-912.9245892097815
30748,-1053.9300169427245
30749,-633.9352300784674
30750,479.0597702873631
30751,1718.054982912422
30752,1879.0504064102051
30753,829.046039252665
30754,-429.95812022712266
30755,-1217.9620738322017
30756,-907.9658234988999
30757,4.030628706098071
30758,845.0272805887871
30759,1424.0241298309913
30760,1787.0211739936385
30761,2353.01841052017
30762,2622.0158367400804
30763,2190.013449872593
30764,1357.011247030473
30765,460.0092252239748
30766,-207.99261863508445
30767,-716.9942877291239
30768,-992.9957853304886
30769,-793.9971147970423
30770,-219.99827956767672
30771,441.00071684224474
30772,932.9998708454997
30773,1271.9991787876538
30774,1466.9986369517248
30775,1152.998241562845
30776,306.9979887929027
30777,-784.0021252348513
30778,-1656.0021044412565
30779,-1909.0019527867694
30780,-1725.001674267086
30781,-1312.0012729088699
30782,-1162.000752765609
30783,-1166.0001179136016
30784,-1026.99937244808
30785,-812.9985204794849
30786,-494.9975661298835
30787,-608.9965135295415
30788,-1050.9953668136418
30789,-1390.9941301191457
30790,-1429.9928075817916
30791,-976.9914033332184
30792,-513.9899214982009
30793,-166.9883661919892
30794,234.01325848226543
30795,562.0149484360154
30796,1021.0166995977722
30797,1187.0185079155253
30798,1160.020369359145
30799,1039.0222799227852
30800,841.0242356273014
30801,720.0262325226972
30802,775.028266690611
30803,889.0303342468575
30804,836.0324313440284
30805,753.0345541741565
30806,854.0366989714491
30807,1146.0388620150925
30808,1457.0410396321201
30809,1519.0432282003408
30810,1214.0454241513225
30811,770.0476239734226
30812,304.04982421484704
30813,71.05202148672777
30814,-12.945787533801308
30815,-97.94360610054571
30816,-209.94143739523065
30817,-391.9392845245392
30818,-448.93715051722654
30819,-474.93503832133604
30820,-587.9329508015293
30821,-701.9308907365574
30822,-848.9288608168843
30823,-1002.9268636424811
30824,-1132.9249017208097
30825,-1331.9229774649966
30826,-1627.9210931922155
30827,-1830.9192511222764
30828,-1636.9174533764358
30829,-1220.9157019764198
30830,-783.9139988436641
30831,-444.9123457987607
30832,-378.91074456110675
30833,-598.9091967487373
30834,-749.907703878334
30835,-627.9062673653917
30836,-342.90488852452523
30837,70.09643143010067
30838,380.09769138423906
30839,571.0988903229484
30840,847.1000273299162
30841,1147.1011015867416
30842,1516.1021123721962
30843,1770.103059061478
30844,1556.1039411254792
30845,1210.1047581300838
30846,808.105509735494
30847,764.1061956956121
30848,1065.1068158574726
30849,1342.1073701607297
30850,1416.107858637201
30851,1185.1082814104639
30852,790.1086386954992
30853,536.1089307983767
30854,456.10915811596846
30855,445.10932113567594
30856,191.10942043515854
30857,-231.89054331795478
30858,-591.8905693663905
30859,-682.8906568636073
30860,-460.8908048742484
30861,-375.89101237468924
30862,-561.8912782536909
30863,-798.8916013131832
30864,-891.8919802691942
30865,-903.8924137529384
30866,-1024.892900312079
30867,-1255.8934384121783
30868,-1508.894026438338
30869,-1642.894662697036
30870,-1449.8953454181667
30871,-1066.896072757283
30872,-713.896842798039
30873,-619.8976535548193
30874,-614.8985029755554
30875,-478.8993889447089
30876,-331.9003092864126
30877,-127.90126176775095
30878,-18.902244102164445
30879,15.096746047044576
30880,130.09571106312274
30881,359.0946533722173
30882,627.0935754396895
30883,878.092479766414
30884,886.0913688850828
30885,764.0902453565367
30886,768.0891117661394
30887,859.0879707202203
30888,866.0868248425937
30889,947.0856767711732
30890,1081.0845291546907
30891,1224.0833846495295
30892,1224.0822459166793
30893,1071.0811156188165
30894,986.0799964175105
30895,851.0788909705534
30896,732.0778019294137
30897,512.0767319368051
30898,234.0756836243619
30899,-3.925340389587973
30900,-188.92633750216316
30901,-328.9273051279963
30902,-449.92824070124414
30903,-575.9291416775549
30904,-567.9300055360061
30905,-607.9308297810288
30906,-694.931611944331
30907,-820.9323495868397
30908,-904.9330403006624
30909,-837.933681711091
30910,-751.9342714786508
30911,-795.9348073011997
30912,-912.9352869160883
30913,-1051.935708102379
30914,-1039.936068683131
30915,-863.9363665277423
30916,-589.9365995543523
30917,-342.93676573229595
30918,-207.9368630846002
30919,-120.9368896905147
30920,-104.93684368806692
30921,-38.936723276625116
30922,38.063473280540904
30923,150.0637476537201
30924,177.06410144425394
30925,108.06453618208309
30926,137.06505332335968
30927,303.06565424814335
30928,493.0663402581961
30929,672.06711257489
30930,778.0679723372422
30931,879.0689206000906
30932,1031.069958332423
30933,1090.0710864158673
30934,935.0723056433475
30935,655.073616717917
30936,442.07502025176564
30937,343.07651676540866
30938,377.0781066870539
30939,505.07979035214544
30940,574.081568003079
30941,454.08343978908306
30942,248.08540576625958
30943,150.08746589777024
30944,138.0896200541629
30945,49.09186801382407
30946,-205.90579053645524
30947,-484.9033560008122
30948,-578.9008288735586
30949,-530.898209738352
30950,-470.8954992673089
30951,-502.8926982200676
30952,-550.8898074428178
30953,-594.8868278673061
30954,-663.8837605098267
30955,-683.8806064702034
30956,-664.8773669307756
30957,-682.8740431553921
30958,-652.8706364884179
30959,-569.8671483537557
30960,-428.8635802538844
30961,-264.8599337689137
30962,-198.85621055565352
30963,-189.8524123466945
30964,-187.84854094949623
30965,-115.8445982454758
30966,-13.840586189092392
30967,41.16349319308068
30968,41.16763780330393
30969,90.17184547364775
30970,264.17611396700437
30971,428.1804409781448
30972,540.1848241348277
30973,594.1892609989661
30974,563.1937490678625
30975,510.19828577551726
30976,470.20286849401333
30977,440.2074945349835
30978,463.2121611511645
30979,505.2168655380358
30980,532.221604835546
30981,581.226376129923
30982,614.2311764555677
30983,557.2360027970253
30984,409.2408520910319
30985,278.2457212286251
30986,115.25060705731539
30987,-34.74449361669133
30988,-155.7395840262302
30989,-263.7346674408817
30990,-314.72974716465365
30991,-298.72482653365284
30992,-293.71990891375617
30993,-351.71499769828876
30994,-438.71009630572473
30995,-482.7052081774127
30996,-467.7003367753424
30997,-455.6954855799535
30998,-474.6906580879966
30999,-475.6858578104527
31000,-476.6810882705128
31001,-426.6763530016242
31002,-292.6716555456019
31003,-243.66699945080873
31004,-242.66238827040348
31005,-174.65782556065432
31006,-110.65331487931627
31007,-71.64885978406784
31008,-64.64446383100287
31009,-93.64013057317196
31010,-27.63586355916695
31011,92.36833366825738
31012,205.37245757353202
31013,228.3765046295997
31014,204.38047131922713
31015,175.38435413630953
31016,176.38814958717563
31017,203.39185419190068
31018,226.39546448563328
31019,268.3989770199436
31020,321.4023883641984
31021,338.40569510696895
31022,286.40889385747585
31023,222.41198124707665
31024,253.41495393079745
31025,215.41780858891218
31026,172.42054192857103
31027,201.42315068547697
31028,215.42563162561265
31029,227.42798154701572
31030,157.4301972815998
31031,163.4322756970212
31032,125.43421369858663
31033,12.436008231199708
31034,-71.56234371865852
31035,-146.5608451209194
31036,-166.5594988998905
31037,-110.55830793220053
31038,-154.5572750447288
31039,-171.5564030125239
31040,-176.55569455671738
31041,-185.55515234243651
31042,-249.5547789767205
31043,-328.5545770064445
31044,-398.5545489162552
31045,-372.5546971265212
31046,-253.55502399130194
31047,-180.55553179633506
31048,-217.5562227570462
31049,-180.55709901658105
31050,-63.55816264386152
31051,-41.559415631666255
31052,-81.56085989473391
31053,-35.56249726789018
31054,-27.56432950419709
31055,-0.5663582731231571
31056,123.43141484126568
31057,148.42898834209603
31058,195.42636082146004
31059,200.4235309621702
31060,334.42049753949937
31061,343.4172594229051
31062,246.41381557773926
31063,203.41016506694254
31064,184.4063070527236
31065,158.40224079822295
31066,101.39796566915818
31067,17.393481135450052
31068,103.38878677282739
31069,90.3838822644067
31070,134.378767402245
31071,172.3734420888604
31072,117.36790633871836
31073,62.36216027967878
31074,-34.64379584560142
31075,-29.64996167831356
31076,-84.65633674219586
31077,-108.66292044229024
31078,-119.6697120637622
31079,-180.67671077078901
31080,-198.6839156055205
31081,-171.69132548711684
31082,-74.69893921086796
31083,36.293244552601145
31084,-65.71477274196465
31085,-107.7229895138382
31086,-72.73140405579394
31087,-62.74001453368946
31088,-137.7488189861479
31089,-182.75781532434308
31090,-134.7670013318879
31091,-132.77637466482798
31092,-89.78593285173937
31093,45.20432670606826
31094,57.194406734244296
31095,-30.8156899150132
31096,-126.82596026347026
31097,-83.83640120746983
31098,-32.847009518642864
31099,-122.85778184471576
31100,-56.86871471041094
31101,-100.87980451843828
31102,-28.891047550573177
31103,21.097560031180166
31104,192.0860221833457
31105,349.0743429796542
31106,294.062526609648
31107,199.05057737721523
31108,103.0384996990564
31109,48.026298103087385
31110,19.013977226781563
31111,-100.99845818454702
31112,-48.01100327951537
31113,-40.023653102497526
31114,-50.03640259550015
31115,18.95075339991237
31116,77.93782014064632
31117,102.92480298006227
31118,84.91170736591522
31119,78.89853883825312
31120,2.885303027274418
31121,-28.127994348853086
31122,-30.14134748621239
31123,-49.15475049739503
31124,-119.1681974137961
31125,-95.18168218794584
31126,-69.19519869587816
31127,42.79125926046574
31128,93.7776979507969
31129,126.76412371400244
31130,38.750542955633165
31131,-5.263037854644683
31132,43.72338781436535
31133,131.70982655276794
31134,143.6962850069161
31135,65.68276987671318
31136,-0.3307120871243896
31137,-95.34415408584373
31138,-107.35754927547305
31139,-274.37089076968095
31140,-110.3841716426774
31141,148.60261506784045
31142,20.589476357698796
31143,-89.42358074678697
31144,0.5634508081069971
31145,134.55057810038653
31146,221.53780822916565
31147,127.52514831144484
31148,-39.48739452115876
31149,-68.4998131257286
31150,-83.51210035141484
31151,-13.524249042848812
31152,-108.53625204360675
31153,-167.5481021997213
31154,-85.55979236324171
31155,47.428684604159265
31156,-26.58266417246927
31157,-73.59383158505585
31158,-241.60481054625077
31159,-40.615593993212
31160,76.37382510856668
31161,7.363453761389458
31162,-43.64670106854458
31163,80.34336754492114
31164,76.33366648393162
31165,49.32420258262274
31166,-65.68501737690292
31167,-115.69398666862209
31168,-430.70269862665685
31169,-289.71114664935527
31170,217.2806757966144
31171,103.27277517216044
31172,37.265157861660626
31173,187.25783016885265
31174,362.2507983127278
31175,244.24406842343078
31176,163.23764653816886
31177,65.23153859713518
31178,62.225750439449385
31179,-105.77971220088202
31180,-200.7848436989815
31181,-175.78963854309072
31182,88.20590866146912
31183,35.201803188368714
31184,-109.80194981362196
31185,26.194654675511128
31186,77.19162154321194
31187,-64.81104445941611
31188,-41.813338721334915
31189,160.18474322475143
31190,102.18320569877076
31191,57.182052869710816
31192,339.1812887521022
31193,422.18091720255876
31194,226.18094191637854
31195,86.18136642420644
31196,9.18219408876152
31197,-45.81657189836773
31198,-255.8149285198602
31199,-321.81287293572734
31200,-390.81040248630535
31201,-468.8075146951692
31202,-411.80420727196815
31203,-363.8004781151772
31204,-312.79632531476204
31205,-313.7917471547519
31206,-416.7867421157148
31207,-116.78130887713183
31208,102.2245536803346
31209,-67.76915352731312
31210,-44.76242978944401
31211,50.24472539728964
31212,156.25231232717198
31213,127.2603310837791
31214,66.26878153847639
31215,-71.722336650936
31216,-220.7130240414245
31217,-3.703281405766802
31218,511.306890266564
31219,584.317489768679
31220,406.3285156757184
31221,466.3399663444656
31222,798.3518399131285
31223,746.3641343012871
31224,439.3768472100071
31225,84.38997612211645
31226,52.40351830264126
31227,154.41747079939523
31228,111.43183044371682
31229,60.44659385134614
31230,98.46175742343493
31231,323.47731734768035
31232,492.49326959957347
31233,504.50960994375396
31234,464.5263339354599
31235,444.5434369220621
31236,372.56091404467566
31237,54.57876023983579
31238,-577.4030297587694
31239,-952.3844614185195
31240,-1124.365540406043
31241,-1178.3462725853674
31242,-1282.3266640160437
31243,-1502.306720951252
31244,-1641.286449835884
31245,-1381.2658573046078
31246,-1049.244950179914
31247,-526.2237354701415
31248,-121.20222036747617
31249,-107.18041224591445
31250,198.84168134081824
31251,633.864052661398
31252,923.8866938090955
31253,989.9095967040396
31254,767.9327530955665
31255,757.9561545646636
31256,726.9797925265145
31257,366.00365823316196
31258,60.02774277629399
31259,-220.9479629098379
31260,-73.92346804535822
31261,327.1012179984394
31262,324.12608570245146
31263,352.1511254032816
31264,666.1763272969164
31265,1136.2016814425647
31266,1174.227177766658
31267,390.2528060670147
31268,-254.72144398283672
31269,-436.69558282917683
31270,-515.6696210334638
31271,-479.64356926755715
31272,-832.6174383088018
31273,-1062.5912390349797
31274,-605.5649824191382
31275,100.46132047569702
31276,980.4876585019168
31277,1531.514020432816
31278,1266.540394968169
31279,1038.5667707398825
31280,1242.5931363177156
31281,1293.6194802150576
31282,1254.64579089475
31283,860.6720567749325
31284,459.6982662349145
31285,-44.27559237895127
31286,-1268.2495307473946
31287,-2078.223560572362
31288,-2676.1976935711773
31289,-3244.1719414707227
31290,-3223.1463160016556
31291,-3322.1208288926473
31292,-3212.0954918646544
31293,-2265.0703166252256
31294,-1267.0453148628187
31295,-182.0204982411302
31296,659.0041216065802
31297,1031.028533083189
31298,1708.0527246334464
31299,2175.076684749764
31300,2077.10040197808
31301,1998.1238649238057
31302,1546.147062257882
31303,1319.1699827229543
31304,1060.1926151396856
31305,222.21494841320566
31306,-43.76302846028983
31307,-173.74132638678253
31308,-120.71995616752076
31309,633.3010715080441
31310,815.321746069469
31311,911.3420570726753
31312,1543.3619942074367
31313,2361.381547304988
31314,2863.4007063457407
31315,1436.4194614670766
31316,-311.56219702878207
31317,-739.5442786668675
31318,-837.5267927915381
31319,-1106.5097485585623
31320,-2269.4931549272446
31321,-3706.4770206526223
31322,-3026.461354277752
31323,-1100.4461641261187
31324,780.5685417057886
31325,1994.5827553557288
31326,1708.5964692027374
31327,1338.6096758739163
31328,1735.6223682509767
31329,1918.6345394764842
31330,1516.6461829597984
31331,376.6572923826717
31332,-1001.3321382954971
31333,-1177.3221148327877
31334,-624.3126427002774
31335,-252.30372707797727
31336,-122.29537285119648
31337,-737.287584607347
31338,-2233.280366633197
31339,-2175.2737229125732
31340,-1775.2676571245254
31341,-2008.2621726419409
31342,-2485.257272530613
31343,-3296.2529595487445
31344,-3362.2492361468685
31345,-2032.2461044681766
31346,-920.2435663492336
31347,-355.2416233210455
31348,-331.2402766104516
31349,94.76047285819072
31350,1774.760624461063
31351,3204.76017787272
31352,3242.75913306373
31353,2854.757490298175
31354,2566.755250131004
31355,2830.7524134053215
31356,2590.748981249596
31357,609.7449550748397
31358,-948.2596634282165
31359,-1515.2648722919512
31360,-1178.270669274655
31361,-243.2770518633007
31362,-48.284017276272294
31363,319.70843753395695
31364,2138.7003158781927
31365,4625.691621327936
31366,6277.682357712843
31367,3851.672529118225
31368,524.6621398825671
31369,-854.348805404929
31370,-1873.3603019068023
31371,-2761.3723445398045
31372,-4995.384927977422
31373,-7371.398046652441
31374,-6255.411694759593
31375,-3039.4258662582906
31376,5.559445124537206
31377,2018.5442458914836
31378,2511.5285427715635
31379,3123.5123427169774
31380,4051.495652899727
31381,4174.478480708076
31382,2618.4608337428426
31383,120.44271981353853
31384,-2130.575853065684
31385,-2679.594876680245
31386,-2339.614342619542
31387,-2502.6342422815414
31388,-2834.6545668775507
31389,-2742.6753074371886
31390,-945.6964548135368
31391,2179.282000311519
31392,3857.260067421769
31393,4354.237756160993
31394,2784.2150763271097
31395,499.19203786617834
31396,680.1686508662683
31397,-401.8550744488148
31398,-2767.879127725911
31399,-4868.903498488994
31400,-6812.928176145743
31401,-5938.953149994168
31402,-3136.9784092293057
31403,-1846.0039429499332
31404,-789.0297401652797
31405,374.9442101982718
31406,2714.917919290549
31407,5700.891398331025
31408,6059.864658602358
31409,4805.837711444063
31410,3640.8105682463424
31411,2355.78324044408
31412,2551.7557395110207
31413,597.7280769541585
31414,-2619.299735691669
31415,-3329.327686868982
31416,-3297.355765002652
31417,-1739.3839585046849
31418,244.58774422118208
31419,337.55935477507836
31420,2679.530884756781
31421,5652.502345761646
31422,7153.47374937669
31423,6166.445107176791
31424,1125.4164307209878
31425,-1530.612268451121
31426,-1843.640978822918
31427,-4037.669688904288
31428,-6461.698387235146
31429,-9613.727062388987
31430,-9782.755702976503
31431,-4403.78429764928
31432,71.18716489643748
31433,2491.1586959158567
31434,4557.130306611626
31435,5764.102008129688
31436,7284.073811555001
31437,7148.045727907118
31438,3907.017768135596
31439,-96.01005688473947
31440,-3310.0377363586736
31441,-5063.06525957564
31442,-5101.092615914907
31443,-5972.119794850932
31444,-6216.146785958872
31445,-4853.173578920246
31446,-2609.2001635287243
31447,1082.7734703039382
31448,3107.747332541856
31449,3005.7214330188704
31450,3883.6957814323423
31451,4845.670387336888
31452,5365.645260138091
31453,4453.620409086192
31454,2193.595843269796
31455,1060.5715716096017
31456,792.5476028521558
31457,-1122.4760544363128
31458,-4338.499391875993
31459,-5856.522401279499
31460,-4900.545074657787
31461,-2471.567404225945
31462,-1812.5893824088525
31463,-2299.6110018466707
31464,-1513.6322554001808
31465,1539.3468638440836
31466,4047.326362568908
31467,3444.3062472217016
31468,612.28652401005
31469,-593.732801102446
31470,588.248277599951
31471,1715.229765581553
31472,502.2116680520011
31473,-1171.8060100366401
31474,-839.8232639924443
31475,2053.1599106141775
31476,3557.143517948632
31477,1503.1275619106718
31478,-1031.8879538667088
31479,-894.903026018005
31480,685.0823485544212
31481,1406.0681726803152
31482,63.054448921847495
31483,-649.9588204257403
31484,1555.0283666668297
31485,3966.016011964136
31486,3661.0041169676024
31487,-197.0073170826979
31488,-3109.018289205989
31489,-3085.0287986785147
31490,-3014.038845031058
31491,-4313.04842804628
31492,-6138.057547755919
31493,-6064.06620443784
31494,-2037.07439861298
31495,2661.9178689578207
31496,5090.910597277063
31497,5869.903785113899
31498,5894.897431007514
31499,5609.891533270544
31500,5114.886089992541
31501,3176.881099043436
31502,-789.1234419229847
31503,-3878.12753546563
31504,-5696.131184352678
31505,-5919.134391558195
31506,-5369.137160258816
31507,-5513.139493830506
31508,-4631.14139584539
31509,-2294.1428700686647
31510,772.8560795444166
31511,3553.8554488514546
31512,4092.8552335257446
31513,3353.855429059049
31514,3303.8560307643
31515,3185.8570337782558
31516,2075.858433064116
31517,-147.13977658590852
31518,-2617.1376005480474
31519,-3600.135044364433
31520,-2947.132113740574
31521,-1777.1288145428184
31522,-724.1251527958075
31523,337.8788653201002
31524,2616.8832334714252
31525,4209.887945174207
31526,5047.892993796696
31527,5164.898372562105
31528,3040.9040745514367
31529,261.91009270638756
31530,-1518.0835801676922
31531,-3522.0769513987298
31532,-4853.0700284447685
31533,-6427.062818890716
31534,-7628.055330444983
31535,-5751.047570936017
31536,-2868.039548308724
31537,-86.031270620751
31538,2291.977253961361
31539,3689.9860171661985
31540,5643.995010621678
31541,6745.004225859431
31542,5877.013654319418
31543,4320.02328735471
31544,1839.0331162365455
31545,-359.95686784038753
31546,-1813.946673752443
31547,-4414.936310441276
31548,-6260.925786907857
31549,-5616.915112206261
31550,-3671.904295437215
31551,-1049.893345741438
31552,1005.1177277072545
31553,2837.128915709048
31554,5635.14020904542
31555,7474.151598486632
31556,7549.163074799395
31557,4951.174628754709
31558,537.1862511358714
31559,-1703.8020672533953
31560,-3042.7903355807107
31561,-5392.778562976724
31562,-7214.766758526733
31563,-7746.754931262286
31564,-5235.743090152766
31565,-842.7312440969943
31566,2219.2805980851067
31567,4373.292427660787
31568,6178.304235992651
31569,6906.316014546738
31570,6413.327754900475
31571,4204.339448750483
31572,949.3510879201763
31573,-1914.6373356327904
31574,-4296.6258298093035
31575,-5519.614402361809
31576,-5989.603060887607
31577,-6138.591812822421
31578,-4996.58066543429
31579,-2819.569625817759
31580,-297.55870088840356
31581,2535.452102622318
31582,3645.4627781718727
31583,3768.47331941114
31584,4153.483720188557
31585,3916.493974553939
31586,3016.504076761985
31587,812.514021275436
31588,-2521.476197232063
31589,-3750.4665838734186
31590,-3340.457143545845
31591,-3446.4478809289167
31592,-3252.4388004829048
31593,-2809.429906447393
31594,-828.4212028401423
31595,2368.5873065437954
31596,3711.5956181327215
31597,3436.603728578719
31598,2969.6116347578914
31599,2708.619333770422
31600,2738.626822940476
31601,1341.6340998159371
31602,-1420.3588378319819
31603,-3045.3519920092504
31604,-2887.345364499636
31605,-1973.3389568654072
31606,-1879.3327704481342
31607,-2437.3268063695523
31608,-1544.3210655324785
31609,619.6844513782305
31610,2031.6897438946885
31611,1952.694811764975
31612,941.6996549521191
31613,432.7042736331027
31614,852.7086681978807
31615,648.7128392484364
31616,-411.283212402126
31617,-1171.2794857304443
31618,-1121.2759795037077
31619,-286.27269228040853
31620,443.7303775889619
31621,712.7332319612749
31622,870.735872900181
31623,1556.7383026755801
31624,2045.7405237631383
31625,1982.7425388438426
31626,1383.7443508035828
31627,598.7459627327505
31628,238.74737792584096
31629,87.74859988103913
31630,-145.25036770023235
31631,-229.24952091382522
31632,-351.2488556534597
31633,110.75163238857965
31634,600.7519477206138
31635,90.75209505058552
31636,-551.2479207151023
31637,-1126.2480944729546
31638,-1440.2484209239801
31639,-1565.24889457554
31640,-2180.2495097434753
31641,-2243.2502605545296
31642,-1367.2511409490928
31643,-194.25214468427797
31644,1065.7467346626586
31645,1602.74550369053
31646,1922.744169170066
31647,2024.742738039367
31648,1651.7412173989703
31649,963.7396145065204
31650,24.737936771038108
31651,-1120.2638082532087
31652,-1749.2656128732435
31653,-2125.267469264329
31654,-2232.269369477319
31655,-1800.271305446406
31656,-1268.273268997261
31657,-511.2752518555551
31658,391.7227543441446
31659,582.7207580491269
31660,912.718767778952
31661,1270.7167921155444
31662,1047.7148396929963
31663,923.7129191870965
31664,339.71103930460873
31665,-248.29079122766814
31666,-86.29256367403912
31667,-309.2942693012202
31668,-890.2958993897836
31669,-1353.2974452457122
31670,-1739.2988982120305
31671,-1143.3002496804816
31672,-510.3014911032166
31673,-595.3026140044634
31674,-418.30360999213696
31675,-11.304470769359853
31676,506.6948118541437
31677,1068.6942459508136
31678,782.6938394642154
31679,416.69360019822693
31680,612.693535806486
31681,716.6936537821332
31682,923.6939614478734
31683,912.6944659463823
31684,593.6951742310844
31685,986.6960930573233
31686,1262.6972289739406
31687,1200.698588315282
31688,838.7001771936441
31689,-7.297998507834507
31690,-33.29593314182074
31691,359.7063786970227
31692,161.70894216631004
31693,-17.288237829333525
31694,-70.28515664308236
31695,580.7181901097331
31696,1381.7218065477111
31697,1024.725696519897
31698,-51.27013639727738
31699,-1203.2656889026418
31700,-1544.2609579725408
31701,-1350.2559408627033
31702,-1840.250635109746
31703,-2603.2450385323336
31704,-2465.239149231997
31705,-1073.232965593631
31706,821.7735137143204
31707,1965.7802897399579
31708,2186.787363248306
31709,2385.794734721953
31710,2686.802404361945
31711,2274.810372088914
31712,979.8186375444375
31713,-585.1727999073964
31714,-1673.163941178224
31715,-1941.154787453465
31716,-2103.1453401902113
31717,-2331.135601114956
31718,-2230.125572221189
31719,-1646.1152557668481
31720,-610.104654271653
31721,131.90622948568296
31722,550.9173924703497
31723,911.9288313944458
31724,1156.9405427200904
31725,1341.9525226626392
31726,1280.964767194002
31727,731.9772720460621
31728,-39.00996728579358
31729,-462.9969555390437
31730,-611.9836976802924
31731,-754.9701989014202
31732,-935.9564646156267
31733,-924.9425004533571
31734,-454.9283122581114
31735,130.08609391786
31736,478.10071181799117
31737,468.1155349859572
31738,359.13055677036704
31739,363.1457703295908
31740,318.1611686367275
31741,-86.82325551528284
31742,-577.8075095083987
31743,-812.791600894065
31744,-566.7755373876491
31745,-144.7593268627199
31746,66.2570226548275
31747,111.27350299280295
31748,500.29010583890977
31749,1148.3068227470876
31750,1546.3236451440073
31751,1476.3405643357144
31752,1080.357571514415
31753,607.3746577654008
31754,562.3918140740935
31755,581.4090313332124
31756,157.42630035004277
31757,-361.55638814620147
31758,-598.5390434969405
31759,-339.5216751067286
31760,-171.5042924357067
31761,-420.486904992031
31762,-652.4695223242898
31763,-497.45215401392664
31764,-39.43480966768881
31765,238.5825010898814
31766,177.59976862389533
31767,141.61698329649076
31768,258.63413547411164
31769,455.6512155346796
31770,381.66821387464074
31771,17.68512091587496
31772,-397.29807288754694
31773,-640.2813770427691
31774,-766.2648010117306
31775,-1021.2483542049317
31776,-1305.232045975394
31777,-1484.2158856128185
31778,-1317.199882337953
31779,-966.1840452971602
31780,-684.1683835571994
31781,-463.1529061002166
31782,-181.137621818941
31783,295.8774604879169
31784,889.8923321200677
31785,1083.9069844798537
31786,1003.9214090762734
31787,886.9355975288298
31788,817.9495415711986
31789,882.9632330547378
31790,655.9766639518353
31791,232.98982635910386
31792,50.002712500425574
31793,98.01531472985866
31794,232.02762553440363
31795,232.03963753663436
31796,192.05134349719788
31797,470.0627363171847
31798,724.0738090403713
31799,818.0845548553373
31800,551.0949670974569
31801,113.10503925076796
31802,-251.88523505028206
31803,-585.8758620192107
31804,-961.866847715997
31805,-1345.8581980456959
31806,-1524.849918757171
31807,-1294.842015441942
31808,-830.8344935331398
31809,-412.8273583045714
31810,61.17938513011654
31811,597.185731818176
31812,1097.191676968411
31813,1416.197215951755
31814,1100.2023443017772
31815,551.2070577151366
31816,141.2113520519877
31817,-330.7847766636466
31818,-965.7813322435278
31819,-1567.7783183348652
31820,-1876.7757384199765
31821,-1707.773595815934
31822,-1328.771893674181
31823,-983.7706349801091
31824,-616.7698225525654
31825,-183.76945904328943
31826,372.230453063748
31827,805.2299114531152
31828,963.2289139788186
31829,967.227458665348
31830,869.2255437088776
31831,734.2231674786373
31832,658.2203285184714
31833,525.2170255485888
31834,402.2132574675146
31835,396.2090233542487
31836,398.2043224706334
31837,466.1991542639308
31838,738.1935183696073
31839,969.1874146143185
31840,1087.1808430190877
31841,1003.1738038026657
31842,896.1662973850595
31843,735.1583243912091
31844,486.14988565479837
31845,263.14098222217103
31846,30.131615356333327
31847,-221.87821345898908
31848,-289.8885025152633
31849,-210.8992498750664
31850,-95.91045336803353
31851,-43.92211058687411
31852,54.06578111651339
31853,188.05322463479257
31854,345.0402231087739
31855,351.02677993079845
31856,128.01289874788966
31857,-120.00141653536087
31858,-336.01616175420327
31859,-725.0313324814649
31860,-1173.0469240256398
31861,-1383.0629314293537
31862,-1755.0793494682332
31863,-2059.0961726501973
31864,-1970.113395215196
31865,-1686.1310111353996
31866,-1243.1490141158588
31867,-822.1673975956298
31868,-435.1861547493878
31869,122.7947215104831
31870,523.7752385313204
31871,759.7554039171371
31872,938.735225525106
31873,926.7147114615834
31874,829.6938700776761
31875,745.6727099643682
31876,654.6512399472175
31877,609.6294690806308
31878,525.607406641733
31879,479.58506212384424
31880,491.56244522957616
31881,260.53956586355866
31882,146.51643412481332
31883,200.49306029878306
31884,302.4694548490337
31885,367.44562840863694
31886,393.4215917712487
31887,506.3973558818957
31888,550.3729318274807
31889,449.34833082702073
31890,350.3235642216323
31891,-165.70135653572828
31892,-883.7264198907487
31893,-1201.7516141984609
31894,-1318.776927734138
31895,-1247.8023487043806
31896,-1163.8278652583647
31897,-1081.853465499243
31898,-424.87913749567645
31899,538.0951307065216
31900,1069.069351072657
31901,1259.0435355673585
31902,1114.0176961427417
31903,828.991844726558
31904,417.96599321035154
31905,-192.05984656235103
31906,-898.0856628077873
31907,-1372.1114438136167
31908,-1594.13717795046
31909,-1523.1628536832955
31910,-1279.1884595826764
31911,-1048.2139843357443
31912,-635.2394167570061
31913,-74.2647457988457
31914,434.7100394382636
31915,838.684949695878
31916,1012.6599955480629
31917,1039.6351873922683
31918,1032.6105354406282
31919,881.5860497117077
31920,567.5617400227358
31921,168.53761598233672
31922,-144.48631301620821
31923,-334.5100378011493
31924,-296.5335494278883
31925,-178.55683918401445
31926,-59.57989859373976
31927,197.39728057827588
31928,543.3747063237206
31929,751.3523863880542
31930,857.3303282685634
31931,802.3085392130495
31932,561.2870262191473
31933,412.2657960342714
31934,253.2448551561786
31935,85.22420983413946
31936,-24.79613392929673
31937,-120.81617037595933
31938,-48.83589398915569
31939,122.14470050976634
31940,239.1256181653671
31941,383.1068637925482
31942,463.08844198144163
31943,510.0703571027227
31944,544.0526133133138
31945,467.03521456244425
31946,315.0181645980298
31947,236.00146697333085
31948,137.98512505385204
31949,-34.03085797555883
31950,-171.0464791034551
31951,-239.0617354844195
31952,-291.0766244316201
31953,-362.0911434093381
31954,-398.10529002550527
31955,-356.11906202429753
31956,-277.13245727882435
31957,-205.14547378395457
31958,-178.15810964931666
31959,-151.17036309250997
31960,-109.18223243256463
31961,-118.19371608368016
31962,-101.20481254927682
31963,-130.21552041638842
31964,-266.22583835042286
31965,-287.2357650903149
31966,-389.2452994440928
31967,-468.2544402848764
31968,-731.2631865473254
31969,-1409.2715372245445
31970,-1544.2794913654604
31971,-1338.2870480726735
31972,-1255.29420650079
31973,-1098.3009658552328
31974,-1011.3073253915247
31975,-546.31328441504
31976,387.6811577187833
31977,818.6760016037842
31978,933.671247781991
31979,999.6668967421194
31980,1084.6629489176726
31981,1265.6594046846644
31982,1075.6562643589814
31983,539.6535281934099
31984,263.6511963743516
31985,210.64926901824322
31986,351.64774616770364
31987,192.64662778742965
31988,-208.35408624013908
31989,-158.35439611936425
31990,166.64569785385828
31991,552.6461952871987
31992,642.6470956868448
31993,260.6483984523261
31994,278.6501028712322
31995,569.6522081138431
31996,630.654713227694
31997,43.657617132089655
31998,-1244.3390813874068
31999,-1723.3353836844935
32000,-1280.3312912576391
